city,epsilon,method,CO2_reduction_pct_vs_shortest_mean,CO2_reduction_pct_vs_shortest_median,CO2_reduction_pct_vs_shortest_std,distance_penalty_pct_vs_shortest_mean,distance_penalty_pct_vs_shortest_median,distance_penalty_pct_vs_shortest_std,hotspot_reduction_pct_vs_shortest_mean,hotspot_reduction_pct_vs_shortest_median,top10_reduction_pct_vs_shortest_mean,top10_reduction_pct_vs_shortest_median,policy_violation_pct_mean,policy_violation_pct_max,operational_utility_score_mean,operational_utility_score_median,runtime_seconds_mean,runtime_seconds_median,policy_feasible_route_pct
Chennai,0.05,AStar_EcoRouting,47.15184525690421,50.26520337042552,21.444749698168113,15.726288265827847,10.395549333268015,15.661395228078009,40.17899857177462,40.45843059758133,72.53136398485236,80.0,11.665366854908616,57.829209193943036,-57.5341668281331,-4.1175773734410726,6.937999642104842e-06,5.049998435424641e-06,27.0
Chennai,0.05,CARA_Full,10.20222663901784,0.0,16.649776759707134,0.6652071669944744,0.0,1.466531587659525,8.705052309220571,0.0,18.317644887412328,0.0,0.0,0.0,13.224338459639178,0.0,1.7693662460000632,1.1223376000016287,100.0
Chennai,0.05,CO2_Dijkstra,55.24638376179756,59.690272280532625,20.153412312714273,49.16248142429689,32.49127003093267,45.174213941024576,44.65281292251425,48.161746899531494,77.77176634734775,88.19444444444444,44.40916145047946,185.78276306354115,-376.0254642293748,-206.3764532179913,6.196000103955157e-06,4.599998646881431e-06,7.000000000000001
Chennai,0.05,GradientBoost_EcoRoute,51.754092135759905,57.954452714704004,21.19515128409711,27.01757432642793,17.79085356932491,26.190336761591105,43.37323820469283,47.45641879558599,74.13020119415468,80.0,22.64693540113433,102.71601947199821,-161.76992062382416,-57.69311206718793,6.25099943135865e-06,4.049998096888885e-06,17.0
Chennai,0.05,MultiAgent_NoNegotiation,47.59093597642062,50.284309382002185,21.990339859930057,18.509776501226,10.966501962866582,19.862345303941105,40.59951514100269,41.80982648367305,73.34993172202475,80.0,14.569431205261537,86.76028019920196,-85.68430909762236,-9.679256752719475,0.00029837399983080105,0.0002808999997796491,28.000000000000004
Chennai,0.05,PredictiveDT_Routing,48.3533154711104,50.869343593734584,21.55791615436236,18.02143732053266,10.966501962866582,18.140054749775896,41.08227342641501,41.434224291737266,72.87051127167406,80.0,13.81777813923123,86.76028019920196,-77.69064757059726,-13.314139203284327,5.9750000218627974e-06,4.19999923906289e-06,23.0
Chennai,0.05,RandomForest_EcoRoute,51.754092135759905,57.954452714704004,21.19515128409711,27.01757432642793,17.79085356932491,26.190336761591105,43.37323820469283,47.45641879558599,74.13020119415468,80.0,22.64693540113433,102.71601947199821,-161.76992062382416,-57.69311206718793,6.267000062507578e-06,4.150002496317029e-06,17.0
Chennai,0.05,ShortestPath,0.0,0.0,0.0,0.0,0.0,0.0,0.0,0.0,0.0,0.0,0.0,0.0,0.0,0.0,1.0341999659431168e-05,1.0900002962443978e-05,100.0
Chennai,0.05,SingleAgent_Routing,52.852557826041945,58.20447866012203,21.204360606223492,32.22547939397377,20.621161752357075,33.6096369531396,44.019910659308245,47.55479217671245,75.60122371168883,83.76623376623377,27.730497069105173,185.78276306354115,-211.43242218509283,-97.66665354332886,7.306999905267731e-06,5.249999958323315e-06,14.000000000000002
Chennai,0.05,StaticDT_Routing,44.58557490441269,44.25225584020052,21.900155196572136,12.351084631988524,8.036989097764273,12.744058005424234,38.19908421327013,35.155486400323255,72.9388441016348,81.66666666666667,8.574308030809934,42.68102482774885,-29.61151649940876,11.246303642841713,6.068999573471956e-06,4.150002496317029e-06,37.0
Chennai,0.05,Weighted_EcoRouting,46.74313320279789,49.25486111557732,21.48044090639145,15.000071992658038,10.118950650277192,15.051448276716576,39.88199105111776,39.84955641648931,72.69747694166298,80.0,10.954823269035714,57.829209193943036,-50.95460140924502,5.202110899305692,7.896000606706366e-06,6.800000846851617e-06,28.999999999999996
Chennai,0.05,XGBoost_EcoRoute,51.754092135759905,57.954452714704004,21.19515128409711,27.01757432642793,17.79085356932491,26.190336761591105,43.37323820469283,47.45641879558599,74.13020119415468,80.0,22.64693540113433,102.71601947199821,-161.76992062382416,-57.69311206718793,6.020999499014579e-06,4.2000028770416975e-06,17.0
Chennai,0.1,AStar_EcoRouting,47.13887094426297,49.75339013308877,21.446432344442233,15.719866819977629,10.395549333268015,15.675369575014393,40.173910584388864,40.12094511496994,72.53136398485236,80.0,8.50915617042727,52.829209193943036,-32.28715676691601,18.608264189629395,1.0344000111217611e-05,9.2999980552122e-06,48.0
Chennai,0.1,CARA_Full,19.441766436047818,12.015333350301098,22.598641850725947,2.264041330983535,0.0005445587939016082,3.3253598850398705,16.384291687756093,10.724873481462543,34.281171025357075,0.0,0.0,0.0,23.105829617958793,10.297007377327576,2.2905780920002146,1.4268298500064702,100.0
Chennai,0.1,CO2_Dijkstra,55.270870582262425,59.69027228053261,20.171647970384562,49.49759725294812,32.49127003093267,45.5747393143363,44.643559465107366,48.161746899531494,77.77176634734775,88.19444444444444,40.34272961683956,180.78276306354115,-344.14438112579666,-166.3764532179913,9.463000460527836e-06,8.499999239575118e-06,16.0
Chennai,0.1,GradientBoost_EcoRoute,51.64869657240788,57.954452714704004,21.175396825675133,26.491871772208047,17.79085356932491,25.28431182368272,43.319592042627235,46.29405763873676,74.13020119415468,80.0,18.282874047700194,97.71601947199821,-125.93824333229617,-14.238067002607622,8.429000517935492e-06,8.250000973930582e-06,30.0
Chennai,0.1,MultiAgent_NoNegotiation,47.67241549482127,50.28430938200218,21.952193825429166,18.507004061073893,10.966501962866582,19.852605048045774,40.65858446830363,41.80982648367305,73.34993172202475,80.0,11.377330993778209,81.76028019920196,-60.03094834340037,9.58123125030042,0.0003886879996571224,0.00037319999682949856,45.0
Chennai,0.1,PredictiveDT_Routing,48.3383089137806,50.8693435937346,21.55691707241704,18.005115245766287,10.966501962866582,18.142016835678994,41.0735853077107,41.434224291737266,72.87051127167406,80.0,10.405934571092539,81.76028019920196,-50.38260549263694,11.249679752513217,8.224000193877146e-06,8.199996955227107e-06,42.0
Chennai,0.1,RandomForest_EcoRoute,51.64869657240788,57.954452714704004,21.175396825675133,26.491871772208047,17.79085356932491,25.28431182368272,43.319592042627235,46.29405763873676,74.13020119415468,80.0,18.282874047700194,97.71601947199821,-125.93824333229617,-14.238067002607622,1.059499969414901e-05,8.300004992634058e-06,30.0
Chennai,0.1,ShortestPath,0.0,0.0,0.0,0.0,0.0,0.0,0.0,0.0,0.0,0.0,0.0,0.0,0.0,0.0,1.2718000216409563e-05,1.179999890155159e-05,100.0
Chennai,0.1,SingleAgent_Routing,52.71903129873625,58.12150620851976,21.137480137144102,31.584262610609542,20.286330563035243,33.46135075824009,43.95575069998167,47.55479217671245,75.34282577887228,80.9090909090909,23.118557389738207,180.78276306354115,-173.42007769039768,-50.917150519669676,9.956999783753417e-06,9.69999746303074e-06,28.000000000000004
Chennai,0.1,StaticDT_Routing,44.73971709313479,44.25225584020052,21.839724325926138,12.517341548972018,8.036989097764273,12.713125600049176,38.3301365850579,36.30326900947399,72.47372782256502,80.0,6.072768673204333,37.62020444570188,-9.712047097914951,20.675351034397853,8.33000012789853e-06,8.200004231184721e-06,55.00000000000001
Chennai,0.1,Weighted_EcoRouting,46.72106088554935,49.25486111557732,21.442893787159687,14.972090214292837,10.118950650277192,15.0120492404111,39.86696824657652,39.84955641648931,72.69747694166298,80.0,7.8770522520393875,52.829209193943036,-26.30605343606317,19.80805781192549,1.0606000214465894e-05,1.0100000508828089e-05,50.0
Chennai,0.1,XGBoost_EcoRoute,51.64869657240788,57.954452714704004,21.175396825675133,26.491871772208047,17.79085356932491,25.28431182368272,43.319592042627235,46.29405763873676,74.13020119415468,80.0,18.282874047700194,97.71601947199821,-125.93824333229617,-14.238067002607622,8.544000374968163e-06,8.250000973930582e-06,30.0
Chennai,0.15,AStar_EcoRouting,47.13815369682874,50.26520337042551,21.453675356641646,15.700172518402164,10.395549333268015,15.67375075122909,40.16725955662901,40.45843059758133,72.53136398485236,80.0,6.427310258574886,47.829209193943036,-15.597043630260172,26.627574076646038,9.841000064625405e-06,9.2999980552122e-06,62.0
Chennai,0.15,CARA_Full,25.550131992317596,21.84053682122802,23.91078846604355,3.9735993887871235,1.9771985542091162,4.5820769333302485,21.7376136146927,19.579355076824218,44.522034812732485,50.0,0.0,0.0,28.4717400220897,20.61987189251216,2.2414786340003046,1.3789238000026671,100.0
Chennai,0.15,CO2_Dijkstra,55.220050991084946,59.69027228053261,20.182487752579934,49.00227446253641,32.49127003093267,45.297404020569104,44.668618580207855,48.161746899531494,77.77176634734775,88.19444444444444,35.94687102206808,175.78276306354115,-308.0251568204286,-126.37645321799128,9.284999323426746e-06,8.499999239575118e-06,24.0
Chennai,0.15,GradientBoost_EcoRoute,51.6457257777107,57.425589860034805,21.1489857439134,26.27426827714019,17.79085356932491,24.729015016627613,43.29819984739976,46.29405763873676,74.13020119415468,80.0,15.017244055514002,91.83955036879713,-99.39166329698182,4.901633037698318,8.515000008628703e-06,8.299997716676444e-06,43.0
Chennai,0.15,MultiAgent_NoNegotiation,47.4496665498727,50.28430938200218,21.731824128185785,18.26518881096413,10.966501962866582,19.64303959528772,40.48686286827304,41.80982648367305,72.76853637318753,80.0,8.796111326045196,75.16822238448141,-39.20617024628061,16.662499606779278,0.00038970899986452424,0.0003727000002982095,56.99999999999999
Chennai,0.15,PredictiveDT_Routing,48.349289818463156,50.869343593734584,21.55421826746675,17.994168362241247,10.966501962866582,18.05733698263918,41.069973376150195,41.434224291737266,72.87051127167406,80.0,8.070202302670749,75.16822238448141,-31.665678639310237,23.04127897970902,8.50100041134283e-06,8.199996955227107e-06,56.99999999999999
Chennai,0.15,RandomForest_EcoRoute,51.6457257777107,57.425589860034805,21.1489857439134,26.27426827714019,17.79085356932491,24.729015016627613,43.29819984739976,46.29405763873676,74.13020119415468,80.0,15.017244055514002,91.83955036879713,-99.39166329698182,4.901633037698318,8.706999651622027e-06,8.299997716676444e-06,43.0
Chennai,0.15,ShortestPath,0.0,0.0,0.0,0.0,0.0,0.0,0.0,0.0,0.0,0.0,0.0,0.0,0.0,0.0,1.2671000367845409e-05,1.170000177808106e-05,100.0
Chennai,0.15,SingleAgent_Routing,52.861502389598854,58.49464062221499,21.206779516437077,32.31536513619922,20.621161752357075,33.61508478366101,44.01800285913262,47.55479217671245,75.60122371168883,83.76623376623377,20.41134281176764,175.78276306354115,-153.05096894737437,-17.666653543328863,9.862000297289342e-06,9.60000033956021e-06,36.0
Chennai,0.15,StaticDT_Routing,44.30111901636635,43.73412787130983,21.652383173300613,12.206251416498601,7.954885061106955,12.470863677963766,38.0512517462384,36.30326900947399,72.05844543053846,80.0,4.013598770504941,32.68102482774885,6.805451892448816,28.66317125778774,8.486000297125429e-06,8.299997716676444e-06,68.0
Chennai,0.15,Weighted_EcoRouting,46.72944164272241,49.25486111557733,21.48908870483304,14.973956245232353,10.118950650277192,15.063032325586544,39.87025203597215,39.84955641648931,72.69747694166298,80.0,5.924918428159961,47.829209193943036,-10.682692255035906,28.11992809742223,1.0572000173851847e-05,1.0100004146806896e-05,63.0
Chennai,0.15,XGBoost_EcoRoute,51.6457257777107,57.425589860034805,21.1489857439134,26.27426827714019,17.79085356932491,24.729015016627613,43.29819984739976,46.29405763873676,74.13020119415468,80.0,15.017244055514002,91.83955036879713,-99.39166329698182,4.901633037698318,8.837999994284473e-06,8.299997716676444e-06,43.0
Chennai,0.2,AStar_EcoRouting,47.14410749980979,50.26520337042551,21.46247843636765,15.71620940777613,10.395549333268015,15.70388090659932,40.173722440572845,40.45843059758133,72.53136398485236,80.0,4.871163814904324,42.829209193943036,-3.170760614690637,29.234990808704023,9.347000086563639e-06,9.2999980552122e-06,73.0
Chennai,0.2,CARA_Full,31.36595778570981,29.10966749362379,24.41509091065579,5.780059434439952,4.661372213877826,5.9833980892820176,26.769110425686385,24.657786755157368,50.867549762898605,50.0,0.0,0.0,33.1903941296731,30.15230390881974,2.2358384490002936,1.395934700001817,100.0
Chennai,0.2,CO2_Dijkstra,55.22489254134985,59.69027228053261,20.125712902497153,48.91657615785366,33.40388866054785,44.95095836891771,44.66303916065912,48.161746899531494,77.77176634734775,88.19444444444444,32.194035434242686,170.78276306354115,-277.82902366796935,-98.12798228028024,8.84899971424602e-06,8.450002496829256e-06,34.0
Chennai,0.2,GradientBoost_EcoRoute,51.83081974421023,57.425589860034805,20.91767409585442,27.168262151392028,18.056088112784423,26.15022048307241,43.414714924285875,46.29405763873676,73.83950351973608,80.0,13.266092891385856,90.01131516117997,-86.92709022751772,5.80531495492752,8.49300020490773e-06,8.200004231184721e-06,52.0
Chennai,0.2,MultiAgent_NoNegotiation,47.91226760614873,50.28430938200218,21.77568486718128,19.440106401017328,10.966501962866582,21.872699852719386,40.825716780999365,41.772302099221335,73.05923404760614,80.0,8.07795010018227,90.01131516117997,-35.1786876068444,21.25942879085343,0.00038788799938629384,0.00037155000245547853,66.0
Chennai,0.2,PredictiveDT_Routing,48.35897111117554,50.8693435937346,21.55499086680387,18.031353538970617,10.966501962866582,18.13454370893295,41.08263384519436,41.434224291737266,72.87051127167406,80.0,6.244086943703325,71.76028019920196,-17.115114593795113,28.16357628021412,8.271000551758333e-06,8.100003469735384e-06,69.0
Chennai,0.2,RandomForest_EcoRoute,51.83081974421023,57.425589860034805,20.91767409585442,27.168262151392028,18.056088112784423,26.15022048307241,43.414714924285875,46.29405763873676,73.83950351973608,80.0,13.266092891385856,90.01131516117997,-86.92709022751772,5.80531495492752,8.402000021305867e-06,8.300004992634058e-06,52.0
Chennai,0.2,ShortestPath,0.0,0.0,0.0,0.0,0.0,0.0,0.0,0.0,0.0,0.0,0.0,0.0,0.0,0.0,1.3145999546395614e-05,1.1600001016631722e-05,100.0
Chennai,0.2,SingleAgent_Routing,52.816402956222575,58.545022199838705,21.234675051999623,31.80432345183949,20.621161752357075,31.030387416000988,44.0515381192781,48.12922217180177,75.01982836285161,83.76623376623377,17.09861207389609,133.45066699095284,-125.55537147898605,-0.7109412125111163,9.817000609473326e-06,9.699993825051934e-06,47.0
Chennai,0.2,StaticDT_Routing,44.526707833758834,43.73412787130982,21.95634647243659,12.347543931246774,7.954885061106955,12.682378626735105,38.19879934005015,35.85714770622418,72.9388441016348,81.66666666666667,2.882672878215576,27.62020444570188,15.869636615565753,30.002315146189247,8.417999706580304e-06,8.299997716676444e-06,79.0
Chennai,0.2,Weighted_EcoRouting,46.7350456752931,49.25486111557731,21.497686941538635,14.989993134606317,10.118950650277192,15.095160931123347,39.87836339356618,39.84955641648931,72.69747694166298,80.0,4.435094059255772,42.829209193943036,1.213488628817376,30.15230390881974,1.0246000383631327e-05,1.0000003385357559e-05,74.0
Chennai,0.2,XGBoost_EcoRoute,51.83081974421023,57.425589860034805,20.91767409585442,27.168262151392028,18.056088112784423,26.15022048307241,43.414714924285875,46.29405763873676,73.83950351973608,80.0,13.266092891385856,90.01131516117997,-86.92709022751772,5.80531495492752,8.413999385084026e-06,8.199996955227107e-06,52.0
Delhi,0.05,AStar_EcoRouting,59.21900018777994,62.41811383612108,21.948594306571568,15.53399347509935,10.413021966022693,14.210292243568185,34.11940575412573,35.155554988266985,82.22682005494505,100.0,11.120921657978643,64.85738024944165,-43.75665714918504,-0.35490801678569306,1.0406000146758743e-05,9.400002454640344e-06,24.0
Delhi,0.05,CARA_Full,14.814468490686059,0.0,26.135978031602093,0.8192743610391305,0.0,1.5866938564307027,8.504945174222868,0.0,16.64903846153846,0.0,0.0,0.0,17.428392355719232,0.0,11.261976026000411,7.08094440000059,100.0
Delhi,0.05,CO2_Dijkstra,69.6636891331712,74.91270168477166,21.195072958853363,59.44062241338365,45.85286694339114,48.949750839711385,36.787181135637354,37.81439789139253,89.62894917582418,100.0,54.5405683964881,197.2774962511596,-467.14851229768226,-300.8986948225317,9.342999983346089e-06,8.600000001024455e-06,2.0
Delhi,0.05,GradientBoost_EcoRoute,63.9084631163329,66.51139293604471,21.767205956787148,24.653941603504595,20.456113911206096,20.526871665677383,36.254749836216796,37.887221330884216,86.28932005494505,100.0,19.908394251876384,81.79506227244758,-126.53919918757896,-83.22187091135997,1.1636000053840689e-05,8.400002116104588e-06,10.0
Delhi,0.05,MultiAgent_NoNegotiation,57.263571522298115,61.03702721435964,22.660775759617827,13.047696686962354,9.55242936159625,11.346495935931959,32.84994661078627,33.38905939389086,80.63066620879121,100.0,8.903623087098675,50.84582948895922,-23.63583324302286,6.485554378443565,0.0004001589998370036,0.0003715999991982244,27.0
Delhi,0.05,PredictiveDT_Routing,61.09881437492296,62.79592028410025,21.18864099410079,17.898382009949664,13.34387944290658,15.221887380873124,34.81818155107539,35.266283529339375,84.9351533882784,100.0,13.360131354117618,64.85738024944165,-64.16990970237963,-19.97276116726418,1.0787999854073859e-05,8.300004992634058e-06,19.0
Delhi,0.05,RandomForest_EcoRoute,63.9084631163329,66.51139293604471,21.767205956787148,24.653941603504595,20.456113911206096,20.526871665677383,36.254749836216796,37.887221330884216,86.28932005494505,100.0,19.908394251876384,81.79506227244758,-126.53919918757896,-83.22187091135997,9.502999819233083e-06,8.499999239575118e-06,10.0
Delhi,0.05,ShortestPath,0.0,0.0,0.0,0.0,0.0,0.0,0.0,0.0,0.0,0.0,0.0,0.0,0.0,0.0,1.4106000016909092e-05,1.189999602502212e-05,100.0
Delhi,0.05,SingleAgent_Routing,64.66492085515716,67.76605847976418,21.903009536255393,28.105518992853217,22.494528551098973,26.002857427703578,36.65999955929064,37.887221330884216,86.78932005494505,100.0,23.34991509042446,147.7260725698334,-160.01543807429962,-110.7090054450963,1.0382999535067939e-05,9.800001862458885e-06,10.0
Delhi,0.05,StaticDT_Routing,54.7865878639703,57.8989683654292,21.82986388713332,10.254348509291445,6.857785263434655,8.729305174367216,31.55510951611127,32.971279117174205,77.38387133699634,100.0,6.242298145521444,29.624532447336705,0.11706043927150049,17.08573750187776,8.961000348790549e-06,8.39999847812578e-06,35.0
Delhi,0.05,Weighted_EcoRouting,58.05818244732733,61.60419203018186,21.71455476147137,13.873143748329644,9.077140372684497,13.160726242781998,33.42962408781688,35.06110845648175,82.22682005494505,100.0,9.546003190668575,59.10337147060571,-29.341318530772106,8.956816520892971,1.1330999768688343e-05,1.0299998393747956e-05,27.0
Delhi,0.05,XGBoost_EcoRoute,63.9084631163329,66.51139293604471,21.767205956787148,24.653941603504595,20.456113911206096,20.526871665677383,36.254749836216796,37.887221330884216,86.28932005494505,100.0,19.908394251876384,81.79506227244758,-126.53919918757896,-83.22187091135997,9.60399913310539e-06,8.39999847812578e-06,10.0
Delhi,0.1,AStar_EcoRouting,59.251900341734924,62.41811383612108,21.937500187110352,15.598785492603332,10.740813965564278,14.18971901163547,34.14275807601759,35.20406787868841,82.22682005494505,100.0,8.106614819760672,59.85738024944165,-19.727210163548325,22.24905945498542,9.173999496852047e-06,9.399998816661537e-06,48.0
Delhi,0.1,CARA_Full,27.69688747930967,22.612129690171546,29.603429966390824,2.9114747962894922,0.5728781379926015,3.4203560785203355,15.757998005772677,11.177904159517666,34.26808608058608,0.0,0.0,0.0,29.752936889617022,19.648443122981163,10.523806415999424,6.555943149993254,100.0
Delhi,0.1,CO2_Dijkstra,69.78079326314247,74.91270168477166,21.181539292353047,59.74271625263643,45.852866943391135,48.6923444700676,36.79047543802159,37.81439789139253,90.04561584249083,100.0,50.120819732260095,192.2774962511596,-432.2759593812003,-260.8986948225317,8.098000107565894e-06,8.400005754083395e-06,14.000000000000002
Delhi,0.1,GradientBoost_EcoRoute,64.16968484791062,66.51139293604473,21.60911754136664,24.885527712346455,21.331234045881256,20.480393304335056,36.31102923342597,37.952234792916634,86.78932005494505,100.0,16.1732057186918,76.79506227244758,-96.83150170960373,-67.01195433858163,8.057999875745737e-06,8.39999847812578e-06,32.0
Delhi,0.1,MultiAgent_NoNegotiation,57.59858355143517,61.03702721435965,22.583950613799264,13.281909954438431,9.55242936159625,11.431761277482654,32.940412043578526,33.58853681962268,81.22682005494505,100.0,6.166433384390583,45.84582948895922,-1.8264974107770933,23.923857708316625,0.000382496999882278,0.00037105000228621066,52.0
Delhi,0.1,PredictiveDT_Routing,61.12662657855353,62.79592028410025,21.20575065841957,17.938451658757568,13.34387944290658,15.166559564352138,34.84150881712288,35.266283529339375,84.9351533882784,100.0,9.984865087440692,59.85738024944165,-37.20844302992571,12.161277678271741,8.834999898681416e-06,8.200004231184721e-06,45.0
Delhi,0.1,RandomForest_EcoRoute,64.16968484791062,66.51139293604473,21.60911754136664,24.885527712346455,21.331234045881256,20.480393304335056,36.31102923342597,37.952234792916634,86.78932005494505,100.0,16.1732057186918,76.79506227244758,-96.83150170960373,-67.01195433858163,8.319999760715291e-06,8.499999239575118e-06,32.0
Delhi,0.1,ShortestPath,0.0,0.0,0.0,0.0,0.0,0.0,0.0,0.0,0.0,0.0,0.0,0.0,0.0,0.0,1.1915999857592397e-05,1.1500000255182385e-05,100.0
Delhi,0.1,SingleAgent_Routing,64.66078275593246,67.76605847976418,21.842813745759177,27.695292289603252,22.494528551098973,25.598288465797733,36.63335108939665,37.952234792916634,86.78932005494505,100.0,18.96894661765414,142.7260725698334,-124.16469921980887,-74.76465117912409,9.695999688119628e-06,9.79999458650127e-06,32.0
Delhi,0.1,StaticDT_Routing,54.70479606301326,59.09960766683669,21.843665253415644,10.261682802317797,6.881206629828047,8.76533260707023,31.48844822119399,32.971279117174205,77.76848672161172,100.0,3.726798684850766,24.624532447336705,20.111265090168537,31.428062159862794,8.090000410447828e-06,8.300004992634058e-06,59.0
Delhi,0.1,Weighted_EcoRouting,58.0725266981876,61.60419203018186,21.744443000760167,13.923400816159802,9.077140372684497,13.215635685075709,33.445234460317565,35.07318494803055,81.97682005494505,100.0,6.767423881492708,54.10337147060571,-7.191048755914887,25.792795636392704,9.788999814190901e-06,1.0199997632298619e-05,53.0
Delhi,0.1,XGBoost_EcoRoute,64.16968484791062,66.51139293604473,21.60911754136664,24.885527712346455,21.331234045881256,20.480393304335056,36.31102923342597,37.952234792916634,86.78932005494505,100.0,16.1732057186918,76.79506227244758,-96.83150170960373,-67.01195433858163,8.393000025535002e-06,8.299997716676444e-06,32.0
Delhi,0.15,AStar_EcoRouting,59.314589675572364,62.41811383612108,21.899942875525767,15.586572179621452,10.413021966022693,14.243712636489766,34.1422053150829,35.155554988266985,82.22682005494505,100.0,5.824393058304038,54.85738024944165,-1.3825964925614005,30.38528182055209,9.589999608579092e-06,9.399998816661537e-06,59.0
Delhi,0.15,CARA_Full,35.727601325449484,37.11754368096565,30.212709327442937,4.701144747302567,3.8341824555535386,4.830543979869984,20.60707027513049,19.512825329495886,47.458791208791204,50.0,0.0,0.0,36.62884696840959,33.05053321908485,11.255564854999683,6.920941649997985,100.0
Delhi,0.15,CO2_Dijkstra,69.45481660568967,74.23581363987694,21.403575407838368,60.05482551359397,45.852866943391135,49.80326631786096,36.73896446523311,37.81439789139253,89.00394917582418,100.0,46.23456738998168,187.2774962511596,-402.16189130873516,-220.8986948225317,9.051999877556226e-06,8.499999239575118e-06,18.0
Delhi,0.15,GradientBoost_EcoRoute,63.968537011572224,66.51139293604473,21.6614744927247,24.995134139399134,20.456113911206096,20.74023531265839,36.37117727006871,37.952234792916634,86.28932005494505,100.0,12.982494639600556,82.4640190446099,-71.69609974899613,-10.846071855637135,8.598999702371657e-06,8.39999847812578e-06,39.0
Delhi,0.15,MultiAgent_NoNegotiation,57.32338894509036,61.03702721435964,22.840361106694978,13.171738978509422,9.381568702429046,11.416575896292182,32.894820969061996,33.58853681962268,80.63066620879121,100.0,3.9421132166081985,40.84582948895922,15.89041573973692,37.305718533684754,0.0003956419996393379,0.00037370000063674524,62.0
Delhi,0.15,PredictiveDT_Routing,61.126979816306566,62.79592028410025,21.19272924038709,17.954100571641387,14.177461811949108,15.164699568794695,34.85054081191546,35.266283529339375,84.9351533882784,100.0,7.450896376208532,54.85738024944165,-16.96312193068673,21.539509792298958,8.35899991216138e-06,8.299997716676444e-06,50.0
Delhi,0.15,RandomForest_EcoRoute,63.968537011572224,66.51139293604473,21.6614744927247,24.995134139399134,20.456113911206096,20.74023531265839,36.37117727006871,37.952234792916634,86.28932005494505,100.0,12.982494639600556,82.4640190446099,-71.69609974899613,-10.846071855637135,9.439999630558304e-06,8.499999239575118e-06,39.0
Delhi,0.15,ShortestPath,0.0,0.0,0.0,0.0,0.0,0.0,0.0,0.0,0.0,0.0,0.0,0.0,0.0,0.0,1.2823999932152218e-05,1.170000177808106e-05,100.0
Delhi,0.15,SingleAgent_Routing,64.7425668181542,67.76605847976418,21.815544236014706,28.510614407651943,22.494528551098973,26.132892215344164,36.761899252585124,37.952234792916634,86.78932005494505,100.0,16.40962542063595,137.7260725698334,-105.17471573594472,-39.335349423632096,1.0237000169581734e-05,9.800001862458885e-06,38.0
Delhi,0.15,StaticDT_Routing,54.562923575383984,57.8989683654292,21.895040058701003,10.245793363149824,7.318546011727225,8.65677432804091,31.579773939848366,32.971279117174205,76.75887133699634,100.0,1.9330481465143665,19.624532447336705,34.39683864689358,40.69882529500507,8.659000159241259e-06,8.39999847812578e-06,72.0
Delhi,0.15,Weighted_EcoRouting,57.95467930952669,61.31409899353584,21.80674321964518,13.722029324693635,9.077140372684497,13.092837815268958,33.3427039137431,34.6784017225864,81.97682005494505,100.0,4.526765055898909,49.10337147060571,10.967852169819693,37.084467731790276,1.0584999981801957e-05,1.0299998393747956e-05,63.0
Delhi,0.15,XGBoost_EcoRoute,63.968537011572224,66.51139293604473,21.6614744927247,24.995134139399134,20.456113911206096,20.74023531265839,36.37117727006871,37.952234792916634,86.28932005494505,100.0,12.982494639600556,82.4640190446099,-71.69609974899613,-10.846071855637135,1.0159000230487437e-05,8.39999847812578e-06,39.0
Delhi,0.2,AStar_EcoRouting,59.257733552663595,62.883956467523234,21.946648544138682,15.53405768420805,10.413021966022693,14.191767134808176,34.11113523047411,35.155554988266985,81.85182005494505,100.0,3.9862651827860964,49.85738024944165,13.355064337195778,36.538689463866234,9.81299985141959e-06,9.399998816661537e-06,70.0
Delhi,0.2,CARA_Full,44.60797768448282,48.21053825306946,28.460188165418707,7.303095100082371,5.9962363783928785,6.39557742617966,25.245054233347236,27.694911486888692,63.208791208791204,80.0,0.0,0.0,42.6243146009917,42.342858803935385,11.068263666999847,6.9336857499984035,100.0
Delhi,0.2,CO2_Dijkstra,69.77213351085167,74.91270168477165,21.185394272849326,59.63716110917728,45.852866943391135,48.77766246575995,36.811820277027515,37.81439789139253,90.04561584249083,100.0,41.75319906712687,182.2774962511596,-365.1218711060041,-180.8986948225317,8.934000361477956e-06,8.400005754083395e-06,24.0
Delhi,0.2,GradientBoost_EcoRoute,63.82386373347481,66.51139293604473,21.67149179799463,24.509224122426353,20.456113911206096,20.65286388226233,36.2358656167448,37.887221330884216,86.28932005494505,100.0,9.961032038238772,73.03152886723231,-46.76490800891566,13.39813553973127,9.011000220198184e-06,8.39999847812578e-06,49.0
Delhi,0.2,MultiAgent_NoNegotiation,57.26761528500397,61.03702721435964,22.650741511462698,12.953659362086203,9.362845487779516,11.239582325989957,32.81380900128225,33.38905939389086,80.25566620879121,100.0,2.2708661105188144,35.84582948895922,29.600272177322175,42.2707269826557,0.00042574499973852654,0.00037274999704095535,74.0
Delhi,0.2,PredictiveDT_Routing,61.12437350519427,62.79592028410025,21.184580817660237,17.94670744590426,14.177461811949108,14.96156313851502,34.85434209990465,35.266283529339375,84.9351533882784,100.0,5.173365421912044,49.85738024944165,1.2712062880417176,30.9687481742037,9.539999809931033e-06,8.299997716676444e-06,59.0
Delhi,0.2,RandomForest_EcoRoute,63.82386373347481,66.51139293604473,21.67149179799463,24.509224122426353,20.456113911206096,20.65286388226233,36.2358656167448,37.887221330884216,86.28932005494505,100.0,9.961032038238772,73.03152886723231,-46.76490800891566,13.39813553973127,8.922000124584884e-06,8.499999239575118e-06,49.0
Delhi,0.2,ShortestPath,0.0,0.0,0.0,0.0,0.0,0.0,0.0,0.0,0.0,0.0,0.0,0.0,0.0,0.0,1.3168000587029382e-05,1.1500000255182385e-05,100.0
Delhi,0.2,SingleAgent_Routing,64.71819358239514,67.76605847976418,21.93074509540612,28.60671612383386,22.494528551098973,26.527972359658865,36.70153566553133,37.887221330884216,86.78932005494505,100.0,13.766162830809316,132.7260725698334,-84.27377347898144,0.664650576367892,1.0621999972499907e-05,9.849998605204746e-06,44.0
Delhi,0.2,StaticDT_Routing,54.792749696776625,59.09960766683669,21.88168783662679,10.18211048560998,7.318546011727225,8.565644889415672,31.509641334232935,32.30343321320419,77.29733287545787,100.0,0.8322578669659528,14.624532447336705,43.525286456945516,45.028062289723835,8.924000285333023e-06,8.39999847812578e-06,84.0
Delhi,0.2,Weighted_EcoRouting,58.082756601240746,61.60419203018186,21.75861069451939,13.819334193101808,9.077140372684497,13.128018854343779,33.40822659627608,35.06110845648175,81.60182005494505,100.0,3.0787291784470603,44.10337147060571,22.51836808559868,40.58035643069031,1.0914000595221296e-05,1.0250001651002094e-05,75.0
Delhi,0.2,XGBoost_EcoRoute,63.82386373347481,66.51139293604473,21.67149179799463,24.509224122426353,20.456113911206096,20.65286388226233,36.2358656167448,37.887221330884216,86.28932005494505,100.0,9.961032038238772,73.03152886723231,-46.76490800891566,13.39813553973127,9.40699981583748e-06,8.39999847812578e-06,49.0
Mumbai,0.05,AStar_EcoRouting,48.393060602192136,51.02213406754284,23.662634726165518,12.68626962846428,10.007310479577614,11.40049133700976,32.12853342978692,32.36912027045497,74.1583382324123,100.0,8.518806372929767,54.182546990081796,-29.065662923281103,0.7308837843702893,9.481000306550413e-06,9.199997293762863e-06,28.000000000000004
Mumbai,0.05,CARA_Full,10.04786004505096,0.0,19.9317385988707,0.6081248958418072,0.0,1.4055796734930752,6.075307505237925,0.0,18.033509700176367,0.0,0.0,0.0,11.869264005986308,0.0,2.029453094999699,1.0353503999976965,100.0
Mumbai,0.05,CO2_Dijkstra,57.69466170219058,61.82264031206542,23.50808136448031,39.65959441967284,26.294520236987303,36.16417404967976,36.21035274155867,36.49288776018908,75.79757005682931,100.0,34.83082305034072,173.38774536520214,-282.1659351691015,-148.49093619070425,8.625000118627213e-06,8.499999239575118e-06,5.0
Mumbai,0.05,GradientBoost_EcoRoute,52.05830679803531,54.87493943645645,24.181592400758376,19.226347394449615,15.730487221257139,16.753896043455196,34.37055228443781,34.05994809310587,74.83735057809132,100.0,14.863821212849636,63.42033087772731,-88.11968155144211,-40.46972753073456,8.174999893526546e-06,8.199996955227107e-06,21.0
Mumbai,0.05,MultiAgent_NoNegotiation,49.31506863355205,53.234056482547814,24.115047084616993,14.545334447023544,11.194961789673245,15.857223420958901,32.39752460358514,32.36912027045497,71.71663727219283,100.0,10.534516632170504,84.73931863340864,-47.8529710160665,0.0,0.00037896700050623624,0.0003709500015247613,31.0
Mumbai,0.05,PredictiveDT_Routing,50.24482344321769,53.234056482547814,23.7001617122374,15.53946104401317,12.47520220294289,14.448420063443052,33.19016956298528,32.85640404180467,74.89907897315304,100.0,11.334643489143952,63.42033087772731,-54.916161776467625,-1.2668391350918649,8.805000252323225e-06,8.100003469735384e-06,26.0
Mumbai,0.05,RandomForest_EcoRoute,52.05830679803531,54.87493943645645,24.181592400758376,19.226347394449615,15.730487221257139,16.753896043455196,34.37055228443781,34.05994809310587,74.83735057809132,100.0,14.863821212849636,63.42033087772731,-88.11968155144211,-40.46972753073456,9.060999436769635e-06,8.299997716676444e-06,21.0
Mumbai,0.05,ShortestPath,0.0,0.0,0.0,0.0,0.0,0.0,0.0,0.0,0.0,0.0,0.0,0.0,0.0,0.0,1.2642000074265525e-05,1.1899999663000926e-05,100.0
Mumbai,0.05,SingleAgent_Routing,54.20165026646247,56.77365274701705,23.774185000983387,26.068421831686173,18.239529497441765,23.529587177524323,35.43819431077854,35.51787148363779,74.1514795218499,100.0,21.434818287248582,104.13231906022551,-151.69464253950926,-83.84264607430771,9.88100000540726e-06,9.60000033956021e-06,13.0
Mumbai,0.05,StaticDT_Routing,45.136246605014364,48.30751316186989,25.047484656223208,9.832556211960629,6.95852459668323,9.187649736323964,30.009095554422967,29.53079533285523,69.70017636684302,88.88888888888889,6.124429349200253,32.737647663180724,-8.519752835297439,6.251230804676062,8.285000221803784e-06,8.199996955227107e-06,38.0
Mumbai,0.05,Weighted_EcoRouting,48.43568049223836,51.02213406754284,23.69140342463664,12.572857467883544,10.007310479577614,11.356284425913529,32.08971602543385,32.36912027045497,72.92377033117774,100.0,8.405399749252986,54.182546990081796,-27.908374424835703,0.7308837843702893,1.0173999980906955e-05,1.005000012810342e-05,28.000000000000004
Mumbai,0.05,XGBoost_EcoRoute,52.05830679803531,54.87493943645645,24.181592400758376,19.226347394449615,15.730487221257139,16.753896043455196,34.37055228443781,34.05994809310587,74.83735057809132,100.0,14.863821212849636,63.42033087772731,-88.11968155144211,-40.46972753073456,8.192999666789547e-06,8.199996955227107e-06,21.0
Mumbai,0.1,AStar_EcoRouting,48.44648220868143,51.02213406754284,23.68927429208909,12.755326297916957,10.323430643552342,11.455429900968795,32.157325463354134,32.35057911102028,74.1583382324123,100.0,5.541501252557785,49.182546990081796,-5.317517675937697,14.83333886700063,5.903000055695884e-06,4.3000036384910345e-06,49.0
Mumbai,0.1,CARA_Full,20.273215789202325,0.2521074608051703,26.120886049949828,2.437648102241464,0.00014503851800421288,3.3349639843132945,12.708220141436676,0.11827487644500223,31.579463060944544,0.0,0.0,0.0,21.752029655437738,0.3103534214704212,1.427692559000643,0.8124744999986433,100.0
Mumbai,0.1,CO2_Dijkstra,57.693796120798105,61.82264031206542,23.50757620130847,39.614604028415734,26.294520236987303,36.09374141873548,36.21645499685674,36.49288776018908,75.79757005682931,100.0,30.405909010199508,168.38774536520214,-246.67445651920104,-108.49093619070428,5.215999917709268e-06,3.6999990697950125e-06,19.0
Mumbai,0.1,GradientBoost_EcoRoute,52.072186167221304,54.87493943645645,24.15273956823574,19.262626666175205,15.953691135474033,16.52491087554776,34.38134226286409,34.05994809310587,74.83735057809132,100.0,11.407808325902133,58.42033087772731,-60.52486264091412,-5.130637324557274,4.944999891449697e-06,3.5999983083456755e-06,38.0
Mumbai,0.1,MultiAgent_NoNegotiation,49.34610376189415,53.23405648254782,24.0441876651743,14.663396296383885,11.194961789673245,15.587056100022487,32.46235004363717,32.36912027045497,71.5108759553204,100.0,7.552261737834522,79.73931863340864,-24.16760771173121,12.131384645360505,0.000259029999942868,0.00019455000074231066,48.0
Mumbai,0.1,PredictiveDT_Routing,49.90814429244346,52.86673389967244,23.50922267204491,15.303592938687034,12.037571510617422,14.28530778637141,33.07230031438143,32.5481723631265,73.41759749167156,100.0,7.8646378503738035,58.42033087772731,-27.079994230730325,9.598465197649642,4.951000228174962e-06,3.5999983083456755e-06,45.0
Mumbai,0.1,RandomForest_EcoRoute,52.072186167221304,54.87493943645645,24.15273956823574,19.262626666175205,15.953691135474033,16.52491087554776,34.38134226286409,34.05994809310587,74.83735057809132,100.0,11.407808325902133,58.42033087772731,-60.52486264091412,-5.130637324557274,5.025999780627899e-06,3.6000055843032897e-06,38.0
Mumbai,0.1,ShortestPath,0.0,0.0,0.0,0.0,0.0,0.0,0.0,0.0,0.0,0.0,0.0,0.0,0.0,0.0,9.630999629735015e-06,7.999995432328433e-06,100.0
Mumbai,0.1,SingleAgent_Routing,54.20035951089751,56.60783028374432,23.76398550925665,26.127918628304432,18.239529497441765,23.472529591481827,35.454746356707865,35.51787148363779,74.1514795218499,100.0,17.576978614884567,99.13231906022551,-120.94393348643395,-48.21024325069243,6.0869993467349555e-06,4.599998646881431e-06,30.0
Mumbai,0.1,StaticDT_Routing,45.26198063430918,48.30751316186989,25.0081941011451,10.030466235022322,7.366706442109466,9.237072344829956,30.11345333860312,29.93245769118363,69.70017636684302,88.88888888888889,3.7349306393165964,27.737647663180724,10.378329719033324,18.559229990601608,5.051999469287694e-06,3.5999983083456755e-06,60.0
Mumbai,0.1,Weighted_EcoRouting,48.38849202873267,51.02213406754284,23.733762655326977,12.513188534468318,10.007310479577614,11.184407778289014,32.06691365822555,32.35057911102028,72.92377033117774,100.0,5.309749158471292,49.182546990081796,-3.082421478861525,16.241860487789463,6.425000246963464e-06,4.800000169780105e-06,50.0
Mumbai,0.1,XGBoost_EcoRoute,52.072186167221304,54.87493943645645,24.15273956823574,19.262626666175205,15.953691135474033,16.52491087554776,34.38134226286409,34.05994809310587,74.83735057809132,100.0,11.407808325902133,58.42033087772731,-60.52486264091412,-5.130637324557274,4.983999460819178e-06,3.5999983083456755e-06,38.0
Mumbai,0.15,AStar_EcoRouting,48.47056279961109,51.02213406754284,23.64562972106041,12.694036371239847,10.323430643552342,11.329783649915074,32.13249943487914,32.35057911102028,74.1583382324123,100.0,3.3596135630706345,44.182546990081796,12.271831270005885,28.425925341045456,4.349000300862827e-06,4.199995601084083e-06,65.0
Mumbai,0.15,CARA_Full,26.764123372582908,23.5961864044613,27.106226476143284,4.050033428145219,2.333176283189744,4.7662493212904495,16.903361402064764,9.083756942167211,41.949833431314914,33.33333333333333,0.0,0.0,27.11573721732485,15.814099676786189,1.218969751000477,0.6465960500026995,100.0
Mumbai,0.15,CO2_Dijkstra,57.748748710410354,61.82264031206542,23.579994440215653,39.930453892834855,26.77636641588133,36.040881974110654,36.21400031863692,36.49288776018908,75.79757005682931,100.0,26.881241498152917,163.38774536520214,-219.05509090116422,-78.1233991771528,3.59900041075889e-06,3.5999983083456755e-06,28.000000000000004
Mumbai,0.15,GradientBoost_EcoRoute,52.08036686482571,54.874939436456444,24.1647486732753,19.20017227906257,15.953691135474033,16.549457307103705,34.374709801335314,34.18043006071245,74.83735057809132,100.0,8.549424831041748,53.42033087772731,-37.52802144096575,3.7540059431855144,3.467000278760679e-06,3.4999975468963385e-06,47.0
Mumbai,0.15,MultiAgent_NoNegotiation,49.28784809122675,53.23405648254782,24.08995621948272,14.495995819787584,11.194961789673245,15.61740982740008,32.40420538996401,32.36912027045497,71.5108759553204,100.0,5.1946163114052,74.73931863340864,-5.0589713446080085,28.15627052835314,0.00019728399980522226,0.00019079999765381217,60.0
Mumbai,0.15,PredictiveDT_Routing,49.893036733153956,52.86673389967244,23.576364597139307,15.286007573062387,12.037571510617422,14.320995864731769,33.0595820218806,32.5481723631265,74.28179502253576,100.0,5.440020373443937,53.42033087772731,-7.6693503895820125,22.409557180405287,3.5299998125992714e-06,3.4999975468963385e-06,56.99999999999999
Mumbai,0.15,RandomForest_EcoRoute,52.08036686482571,54.874939436456444,24.1647486732753,19.20017227906257,15.953691135474033,16.549457307103705,34.374709801335314,34.18043006071245,74.83735057809132,100.0,8.549424831041748,53.42033087772731,-37.52802144096575,3.7540059431855144,3.523999548633583e-06,3.4999975468963385e-06,47.0
Mumbai,0.15,ShortestPath,0.0,0.0,0.0,0.0,0.0,0.0,0.0,0.0,0.0,0.0,0.0,0.0,0.0,0.0,7.901999342720956e-06,7.499998901039362e-06,100.0
Mumbai,0.15,SingleAgent_Routing,54.19021971510857,56.77365274701705,23.754617998944592,26.09168319481133,18.19952633430894,23.517103046538978,35.44368807407228,35.51787148363779,74.1514795218499,100.0,14.351744702038657,94.13231906022551,-95.08526025378723,-8.9294791317127,4.562000467558391e-06,4.450001142686233e-06,40.0
Mumbai,0.15,StaticDT_Routing,45.25152672416168,48.30751316186989,25.01180518665535,9.921696827961036,7.911965894887621,9.175906899731766,30.077334160033455,29.93245769118363,69.70017636684302,88.88888888888889,1.9755683594139244,22.737647663180724,24.642253272944934,31.65111916799187,3.5619996197056025e-06,3.5000048228539526e-06,72.0
Mumbai,0.15,Weighted_EcoRouting,48.412572619662335,51.02213406754284,23.690259586706166,12.451898607791211,10.007310479577614,11.054325835037258,32.04208762975056,32.35057911102028,72.92377033117774,100.0,3.189767356384471,44.182546990081796,14.011680367879427,28.720484863204263,4.754000110551715e-06,4.6000059228390455e-06,67.0
Mumbai,0.15,XGBoost_EcoRoute,52.08036686482571,54.874939436456444,24.1647486732753,19.20017227906257,15.953691135474033,16.549457307103705,34.374709801335314,34.18043006071245,74.83735057809132,100.0,8.549424831041748,53.42033087772731,-37.52802144096575,3.7540059431855144,3.563000209396705e-06,3.4999975468963385e-06,47.0
Mumbai,0.2,AStar_EcoRouting,48.4471974398682,51.02213406754284,23.689702789157916,12.704829210397797,10.323430643552342,11.41331650940301,32.14685897745006,32.36912027045497,74.1583382324123,100.0,2.0697157687795795,39.182546990081796,22.55324235756099,33.9587896474298,4.235000524204225e-06,4.2000028770416975e-06,80.0
Mumbai,0.2,CARA_Full,35.53718795262376,38.131180126668795,27.75551698388457,6.683864842294792,5.756069353646728,6.423027828753509,23.255715132237057,23.291612942105466,54.83735057809132,60.0,0.0,0.0,33.79731583415271,32.50326366543085,1.2269018119997055,0.6454258999983722,100.0
Mumbai,0.2,CO2_Dijkstra,57.74952095478193,61.82264031206542,23.580389111723168,39.95455927800113,26.77636641588133,36.114128569256884,36.2087777921845,36.49288776018908,75.79757005682931,100.0,23.49484776014485,158.38774536520214,-192.01399078628685,-38.12339917715279,3.609000050346367e-06,3.5999983083456755e-06,36.0
Mumbai,0.2,GradientBoost_EcoRoute,52.05534071028323,54.874939436456444,24.162631638658294,19.209215476866397,15.953691135474033,16.526940906089873,34.36893358129008,34.26763693170988,74.83735057809132,100.0,6.341158632522763,48.42033087772731,-19.907892512986628,14.579140680566939,3.6050000926479697e-06,3.5000011848751456e-06,63.0
Mumbai,0.2,MultiAgent_NoNegotiation,49.33121140345108,53.234056482547814,24.04403646281004,14.539665089094953,10.108830977798453,15.572920322562934,32.414840522553355,32.36912027045497,71.71663727219283,100.0,3.686189474827888,69.73931863340864,6.96978568791475,32.62892098227625,0.00019578399987949525,0.00019040000188397244,77.0
Mumbai,0.2,PredictiveDT_Routing,49.924035382980804,52.86673389967244,23.51451780274614,15.320710418968403,12.037571510617422,14.288520405069722,33.07721002036691,32.5481723631265,73.623358808544,100.0,3.7310103013966653,48.42033087772731,5.973137144054127,30.840343108774924,3.5659997229231523e-06,3.5999983083456755e-06,74.0
Mumbai,0.2,RandomForest_EcoRoute,52.05534071028323,54.874939436456444,24.162631638658294,19.209215476866397,15.953691135474033,16.526940906089873,34.36893358129008,34.26763693170988,74.83735057809132,100.0,6.341158632522763,48.42033087772731,-19.907892512986628,14.579140680566939,3.5609999031294136e-06,3.5000048228539526e-06,63.0
Mumbai,0.2,ShortestPath,0.0,0.0,0.0,0.0,0.0,0.0,0.0,0.0,0.0,0.0,0.0,0.0,0.0,0.0,7.460999695467763e-06,7.200003892648965e-06,100.0
Mumbai,0.2,SingleAgent_Routing,54.12001237391486,56.60783028374432,23.731147326464836,25.806337872781487,18.19952633430894,23.283976864019152,35.41944095741043,35.30948055324794,74.1514795218499,100.0,11.369209775619618,89.13231906022551,-70.73662109789984,0.6481703107115475,4.5160002628108485e-06,4.499997885432094e-06,52.0
Mumbai,0.2,StaticDT_Routing,45.278154676098005,48.30751316186989,24.966272576310697,9.935367017680715,7.795183821658506,9.126577943413027,30.08098114509714,29.93245769118363,69.70017636684302,88.88888888888889,0.973623653752675,17.737647663180724,32.65892198326374,35.2335967719518,3.615000023273751e-06,3.5999983083456755e-06,84.0
Mumbai,0.2,Weighted_EcoRouting,48.411011542861736,51.02213406754284,23.73472403373667,12.556842038796091,10.007310479577614,11.373907915907937,32.08810244733687,32.36912027045497,72.92377033117774,100.0,2.0433869799057276,39.182546990081796,22.99428284969216,34.826190601364274,4.66200006485451e-06,4.6000059228390455e-06,80.0
Mumbai,0.2,XGBoost_EcoRoute,52.05534071028323,54.874939436456444,24.162631638658294,19.209215476866397,15.953691135474033,16.526940906089873,34.36893358129008,34.26763693170988,74.83735057809132,100.0,6.341158632522763,48.42033087772731,-19.907892512986628,14.579140680566939,3.64800012903288e-06,3.550001565599814e-06,63.0
