city,epsilon,od_id,candidate_routes,generation_time_seconds,negotiation_time_seconds,total_CARA_time_seconds
Delhi,0.05,0,29,8.200044099998195,0.0037360999995144084,8.20378019999771
Delhi,0.05,1,30,33.929839500000526,0.004067699999723118,33.93390720000025
Delhi,0.05,2,27,0.10086249999585561,0.005094799998914823,0.10595729999477044
Delhi,0.05,3,28,2.444662599998992,0.0038205999953788705,2.448483199994371
Delhi,0.05,4,29,15.811130399997637,0.003772600000957027,15.814902999998594
Delhi,0.05,5,30,18.859184499997355,0.0038515000051120296,18.863036000002467
Delhi,0.05,6,29,3.6566760999994585,0.0038108000007923692,3.660486900000251
Delhi,0.05,7,29,47.61423499999364,0.003880099997331854,47.61811509999097
Delhi,0.05,8,30,13.41317230000277,0.0038530000019818544,13.417025300004752
Delhi,0.05,9,28,6.696764100001019,0.0041149999960907735,6.70087909999711
Delhi,0.05,10,27,3.0353696000020136,0.003769900002225768,3.0391395000042394
Delhi,0.05,11,30,7.204347900005814,0.0039524000021629035,7.208300300007977
Delhi,0.05,12,28,18.061672000003455,0.0038071000017225742,18.065479100005177
Delhi,0.05,13,30,19.018645299998752,0.0021991000030539,19.020844400001806
Delhi,0.05,14,30,23.04026590000285,0.003789800000959076,23.04405570000381
Delhi,0.05,15,25,0.20713780000369297,0.003993499994976446,0.21113129999866942
Delhi,0.05,16,30,3.8325416000006953,0.004365299995697569,3.836906899996393
Delhi,0.05,17,29,3.027593500002695,0.0037800999998580664,3.031373600002553
Delhi,0.05,18,27,0.15875039999809815,0.0038560999964829534,0.1626064999945811
Delhi,0.05,19,30,30.909410899999784,0.004363499996543396,30.913774399996328
Delhi,0.05,20,30,12.235703600003035,0.0038369999965652823,12.2395405999996
Delhi,0.05,21,27,0.9387233999950695,0.003803100000368431,0.9425264999954379
Delhi,0.05,22,27,0.42101389999879757,0.0038398000033339486,0.4248537000021315
Delhi,0.05,23,25,0.04819449999922654,0.005077399997389875,0.05327189999661641
Delhi,0.05,24,29,2.272845800005598,0.004259499997715466,2.2771053000033135
Delhi,0.05,25,29,15.341965899999195,0.003950300000724383,15.34591619999992
Delhi,0.05,26,28,3.799887999994098,0.0039036000016494654,3.8037915999957477
Delhi,0.05,27,28,1.7203093999996781,0.0041335999994771555,1.7244429999991553
Delhi,0.05,28,29,8.017461600000388,0.003801200000452809,8.02126280000084
Delhi,0.05,29,30,9.63639410000178,0.0038218000045162626,9.640215900006297
Delhi,0.05,30,30,32.12500019999425,0.00394850000157021,32.12894869999582
Delhi,0.05,31,27,0.7762137000026996,0.0038016000034986064,0.7800153000061982
Delhi,0.05,32,30,19.22783470000286,0.004357700003311038,19.23219240000617
Delhi,0.05,33,26,0.06009669999912148,0.0036634999996749684,0.06376019999879645
Delhi,0.05,34,29,2.493839899994782,0.003796000004513189,2.4976358999992954
Delhi,0.05,35,29,32.29319200000464,0.006692700000712648,32.29988470000535
Delhi,0.05,36,29,0.3549109000014141,0.0038232999941101298,0.35873419999552425
Delhi,0.05,37,30,1.324779500006116,0.003787399997236207,1.3285669000033522
Delhi,0.05,38,30,7.702548000001116,0.003786100001889281,7.706334100003005
Delhi,0.05,39,29,3.878305600002932,0.0038149999963934533,3.8821205999993253
Delhi,0.05,40,29,13.957770399996662,0.0038398000033339486,13.961610199999996
Delhi,0.05,41,28,22.840576900001906,0.0037746000016340986,22.84435150000354
Delhi,0.05,42,28,14.621522000001278,0.00224539999908302,14.62376740000036
Delhi,0.05,43,30,29.50410539999575,0.004556499996397179,29.50866189999215
Delhi,0.05,44,28,26.1739288999961,0.004843499998969492,26.17877239999507
Delhi,0.05,45,29,17.785515100003977,0.005944100004853681,17.79145920000883
Delhi,0.05,46,29,4.987831799997366,0.0037849000000278465,4.991616699997394
Delhi,0.05,47,27,1.964044799999101,0.0038704999969922937,1.9679152999960934
Delhi,0.05,48,28,0.3998561999978847,0.004285000002710149,0.40414120000059484
Delhi,0.05,49,28,1.4029482000041753,0.004142099998716731,1.407090300002892
Delhi,0.05,50,29,18.739580499997828,0.008510500003467314,18.748091000001295
Delhi,0.05,51,28,5.9105559999952675,0.004003599999123253,5.914559599994391
Delhi,0.05,52,29,17.604333499999484,0.004259799999999814,17.608593299999484
Delhi,0.05,53,29,21.12493650000397,0.0037723999994341284,21.128708900003403
Delhi,0.05,54,29,14.284353200004261,0.005251599999610335,14.289604800003872
Delhi,0.05,55,28,0.4384263000029023,0.0038979999953880906,0.44232429999829037
Delhi,0.05,56,27,5.082421400002204,0.0039843999984441325,5.086405800000648
Delhi,0.05,57,30,27.0081491000019,0.003806000000622589,27.011955100002524
Delhi,0.05,58,28,1.8169687999979942,0.003986900002928451,1.8209557000009227
Delhi,0.05,59,28,0.9612848999968264,0.00378919999639038,0.9650740999932168
Delhi,0.05,60,28,2.974020299996482,0.002099899997119792,2.976120199993602
Delhi,0.05,61,29,3.7986548999979277,0.004110100002435502,3.802765000000363
Delhi,0.05,62,28,5.614368600006856,0.006197300004714634,5.62056590001157
Delhi,0.05,63,30,46.45292760000302,0.0038522000031662174,46.45677980000619
Delhi,0.05,64,29,8.990415200001735,0.004226099998049904,8.994641299999785
Delhi,0.05,65,28,6.949830799996562,0.00375769999664044,6.953588499993202
Delhi,0.05,66,30,21.335950399996364,0.003774899996642489,21.339725299993006
Delhi,0.05,67,30,9.626198900004965,0.004611800002749078,9.630810700007714
Delhi,0.05,68,28,2.5973417999994126,0.006622600005357526,2.60396440000477
Delhi,0.05,69,28,5.730587899997772,0.0037684999988414347,5.734356399996614
Delhi,0.05,70,26,0.06578129999979865,0.0036525999967125244,0.06943389999651117
Delhi,0.05,71,28,23.220447200001217,0.0037745000008726493,23.22422170000209
Delhi,0.05,72,28,3.7333220000000438,0.004272499994840473,3.7375944999948842
Delhi,0.05,73,28,7.308289699998568,0.0037837000054423697,7.31207340000401
Delhi,0.05,74,29,14.801443199998175,0.004011700002592988,14.805454900000768
Delhi,0.05,75,30,10.023752399996738,0.004327599999669474,10.028079999996407
Delhi,0.05,76,28,0.3074657000033767,0.004365400003734976,0.3118311000071117
Delhi,0.05,77,28,11.111990600002173,0.0038321999963955022,11.115822799998568
Delhi,0.05,78,29,0.46140269999887096,0.0036832999976468273,0.4650859999965178
Delhi,0.05,79,30,30.1735434000002,0.003811000002315268,30.177354400002514
Delhi,0.05,80,29,36.55858350000199,0.0038207000034162775,36.5624042000054
Delhi,0.05,81,27,5.142987200000789,0.0037937000015517697,5.146780900002341
Delhi,0.05,82,28,6.899514500000805,0.0038965000057942234,6.903411000006599
Delhi,0.05,83,29,6.194597200003045,0.00425810000160709,6.198855300004652
Delhi,0.05,84,27,0.5650262999988627,0.003767300004255958,0.5687936000031186
Delhi,0.05,85,30,5.452529399997729,0.00380589999986114,5.4563352999975905
Delhi,0.05,86,28,5.604830499993113,0.0039015000002109446,5.608731999993324
Delhi,0.05,87,30,33.18227420000039,0.003815199997916352,33.18608939999831
Delhi,0.05,88,29,25.55217139999877,0.004105799998797011,25.556277199997567
Delhi,0.05,89,28,8.501728800001729,0.0071823000034783036,8.508911100005207
Delhi,0.05,90,30,16.451720199998817,0.004306499999074731,16.456026699997892
Delhi,0.05,91,28,3.7622862000062014,0.003935000000637956,3.7662212000068394
Delhi,0.05,92,27,11.113037200004328,0.0037756000019726343,11.1168128000063
Delhi,0.05,93,28,1.8371693000008236,0.004042000000481494,1.841211300001305
Delhi,0.05,94,27,1.6135155000010855,0.002173500004573725,1.6156890000056592
Delhi,0.05,95,28,29.19269350000104,0.00419770000007702,29.19689120000112
Delhi,0.05,96,30,8.489527799996722,0.00454110000282526,8.494068899999547
Delhi,0.05,97,29,6.131934099998034,0.003824500003247522,6.135758600001282
Delhi,0.05,98,28,26.122050499994657,0.0037937000015517697,26.12584419999621
Delhi,0.05,99,29,11.641448300004413,0.003806000000622589,11.645254300005035
Delhi,0.1,0,29,7.839099400000123,0.003973200000473298,7.843072600000596
Delhi,0.1,1,30,31.43645749999996,0.003820799996901769,31.440278299996862
Delhi,0.1,2,27,0.09585529999458231,0.0034570999996503815,0.09931239999423269
Delhi,0.1,3,29,2.370096200000262,0.004391000002215151,2.374487200002477
Delhi,0.1,4,29,9.812732600003073,0.002109499997459352,9.814842100000533
Delhi,0.1,5,30,10.642228599994269,0.002221599999757018,10.644450199994026
Delhi,0.1,6,29,2.1003203000000212,0.002067299996269867,2.102387599996291
Delhi,0.1,7,29,27.00720259999798,0.002108399996359367,27.00931099999434
Delhi,0.1,8,30,7.641246799998044,0.002168400002119597,7.643415200000163
Delhi,0.1,9,29,3.8808038999995915,0.0021157000010134652,3.882919600000605
Delhi,0.1,10,27,1.796089600000414,0.0020884999976260588,1.7981780999980401
Delhi,0.1,11,30,4.346387900004629,0.0020996000021114014,4.3484875000067404
Delhi,0.1,12,28,10.060134999999718,0.0022031999978935346,10.062338199997612
Delhi,0.1,13,30,11.073143699999491,0.002103200000419747,11.075246899999911
Delhi,0.1,14,29,13.478812300003483,0.0024522999956388958,13.481264599999122
Delhi,0.1,15,25,0.13003659999958472,0.002103200000419747,0.13213980000000447
Delhi,0.1,16,30,2.3020174999983283,0.0020761999985552393,2.3040936999968835
Delhi,0.1,17,29,1.7915202000003774,0.002068099995085504,1.7935882999954629
Delhi,0.1,18,27,0.09532519999629585,0.0019376999989617616,0.09726289999525761
Delhi,0.1,19,30,20.975667200000316,0.005500300001585856,20.981167500001902
Delhi,0.1,20,30,12.432471300002362,0.004670499998610467,12.437141800000973
Delhi,0.1,21,27,0.9419312000027276,0.003925500001059845,0.9458567000037874
Delhi,0.1,22,27,0.4081633999958285,0.004477200003748294,0.4126405999995768
Delhi,0.1,23,25,0.04923319999943487,0.003809599998930935,0.05304279999836581
Delhi,0.1,24,29,2.3589205000025686,0.0038841999994474463,2.362804700002016
Delhi,0.1,25,29,15.741000500005612,0.0038044999964768067,15.744805000002088
Delhi,0.1,26,28,4.206632999994326,0.004096399999980349,4.210729399994307
Delhi,0.1,27,28,1.7269779999987804,0.005977499997243285,1.7329554999960237
Delhi,0.1,28,29,8.57137839999632,0.003868300002068281,8.575246699998388
Delhi,0.1,29,29,9.702783200002159,0.004858600004808977,9.707641800006968
Delhi,0.1,30,30,32.819160699997155,0.006632999997236766,32.82579369999439
Delhi,0.1,31,27,0.7690702000036254,0.003947700002754573,0.7730179000063799
Delhi,0.1,32,30,19.878253399998357,0.004940200000419281,19.883193599998776
Delhi,0.1,33,26,0.06442320000496693,0.0036344000036478974,0.06805760000861483
Delhi,0.1,34,29,2.39354469999671,0.0038549999953829683,2.397399699992093
Delhi,0.1,35,29,33.8582607999997,0.0038179999974090606,33.86207879999711
Delhi,0.1,36,29,0.3425366000010399,0.003795700002228841,0.34633230000326876
Delhi,0.1,37,30,1.4717842000027304,0.003773299999011215,1.4755575000017416
Delhi,0.1,38,30,8.230894499996793,0.0038677999982610345,8.234762299995054
Delhi,0.1,39,29,4.087834700003441,0.0038457999980892055,4.09168050000153
Delhi,0.1,40,29,14.212227600000915,0.0038677999982610345,14.216095399999176
Delhi,0.1,41,28,22.869407999998657,0.0037830000001122244,22.87319099999877
Delhi,0.1,42,29,14.256302399997367,0.005173999998078216,14.261476399995445
Delhi,0.1,43,30,28.725661099997524,0.003842600002826657,28.72950370000035
Delhi,0.1,44,28,25.95197989999724,0.003797999997914303,25.955777899995155
Delhi,0.1,45,29,17.65486790000432,0.0037568000043393113,17.65862470000866
Delhi,0.1,46,29,4.905032700000447,0.00403070000174921,4.909063400002196
Delhi,0.1,47,27,1.9510758000033093,0.007641399999556597,1.9587172000028659
Delhi,0.1,48,28,0.41145440000400413,0.005916800000704825,0.41737120000470895
Delhi,0.1,49,28,1.4168981000038912,0.0037865000049350783,1.4206846000088262
Delhi,0.1,50,28,18.760010999998485,0.003802699997322634,18.763813699995808
Delhi,0.1,51,27,5.908110899996245,0.003860800003167242,5.9119716999994125
Delhi,0.1,52,29,16.96288999999524,0.003910699997504707,16.966800699992746
Delhi,0.1,53,29,21.12405110000691,0.01683680000132881,21.140887900008238
Delhi,0.1,54,29,14.388761199996225,0.0037937999950372614,14.392554999991262
Delhi,0.1,55,28,0.42190649999974994,0.0038756000067223795,0.4257821000064723
Delhi,0.1,56,27,5.004309399999329,0.00379399999656016,5.008103399995889
Delhi,0.1,57,30,26.626953799997864,0.00406440000369912,26.631018200001563
Delhi,0.1,58,27,1.7591372000024421,0.00453630000265548,1.7636735000050976
Delhi,0.1,59,29,0.9071156999998493,0.004607800001394935,0.9117235000012442
Delhi,0.1,60,28,4.122368900003494,0.0038155000002007,4.1261844000036945
Delhi,0.1,61,29,5.709932500001742,0.0038204000011319295,5.7137529000028735
Delhi,0.1,62,29,5.614867999996932,0.004030600000987761,5.6188985999979195
Delhi,0.1,63,30,46.656206399995426,0.0037977000029059127,46.66000409999833
Delhi,0.1,64,30,9.192592599996715,0.004230400001688395,9.196822999998403
Delhi,0.1,65,28,6.59348129999853,0.004298899999412242,6.597780199997942
Delhi,0.1,66,30,20.749940399997286,0.0037974000006215647,20.753737799997907
Delhi,0.1,67,30,9.407200800000282,0.009692499996162951,9.416893299996445
Delhi,0.1,68,28,2.556352899999183,0.003809599998930935,2.560162499998114
Delhi,0.1,69,28,5.4285808999993606,0.0037890999956289306,5.4323699999949895
Delhi,0.1,70,26,0.0618730999995023,0.0037545000013778917,0.06562760000088019
Delhi,0.1,71,28,22.88141170000017,0.005115900006785523,22.886527600006957
Delhi,0.1,72,28,3.79948599999625,0.003789499998674728,3.8032754999949248
Delhi,0.1,73,28,7.275598099993658,0.00405029999819817,7.279648399991856
Delhi,0.1,74,29,15.107028999998874,0.003782400002819486,15.110811400001694
Delhi,0.1,75,29,10.456381699994381,0.003924800003005657,10.460306499997387
Delhi,0.1,76,28,0.3163124999991851,0.003852100002404768,0.32016460000158986
Delhi,0.1,77,29,11.87566119999974,0.003800099999352824,11.879461299999093
Delhi,0.1,78,29,0.4909311999945203,0.0038014000019757077,0.494732599996496
Delhi,0.1,79,30,32.4073361999981,0.0037951999984215945,32.41113139999652
Delhi,0.1,80,29,37.67433270000038,0.003789600006712135,37.67812230000709
Delhi,0.1,81,27,4.907108399995195,0.00413000000116881,4.911238399996364
Delhi,0.1,82,28,6.509000399993965,0.005105699994601309,6.514106099988567
Delhi,0.1,83,29,6.093532700004289,0.0038237999979173765,6.097356500002206
Delhi,0.1,84,27,0.5943014000004041,0.003868699997838121,0.5981700999982422
Delhi,0.1,85,30,5.699064200001885,0.003809699999692384,5.702873900001578
Delhi,0.1,86,28,5.780025700005353,0.003903899996657856,5.783929600002011
Delhi,0.1,87,30,33.342961299997114,0.0037985000017215498,33.346759799998836
Delhi,0.1,88,29,27.247901299997466,0.004174899993813597,27.25207619999128
Delhi,0.1,89,28,8.968995100003667,0.004240000002027955,8.973235100005695
Delhi,0.1,90,30,16.617189500000677,0.0037914999993517995,16.62098100000003
Delhi,0.1,91,27,3.8184570000012172,0.004127899999730289,3.8225849000009475
Delhi,0.1,92,27,12.493697700003395,0.003953200000978541,12.497650900004373
Delhi,0.1,93,28,1.7722482999961358,0.006234200001927093,1.7784824999980628
Delhi,0.1,94,27,1.676204499999585,0.004298599997127894,1.680503099996713
Delhi,0.1,95,28,32.20638279999548,0.0038391999987652525,32.210221999994246
Delhi,0.1,96,30,9.174161599999934,0.005108599994855467,9.17927019999479
Delhi,0.1,97,29,6.317363499998464,0.007524200002080761,6.324887700000545
Delhi,0.1,98,28,25.773779399998602,0.007496300000639167,25.78127569999924
Delhi,0.1,99,29,11.448566799997934,0.004237300003296696,11.45280410000123
Delhi,0.15,0,29,8.18803189999744,0.0038480000002891757,8.19187989999773
Delhi,0.15,1,30,33.16238479999447,0.0037795999960508198,33.16616439999052
Delhi,0.15,2,27,0.10203689999616472,0.004406699998071417,0.10644359999423614
Delhi,0.15,3,28,2.4365866000007372,0.0023089000023901463,2.4388955000031274
Delhi,0.15,4,28,15.757139800000004,0.00379139999859035,15.760931199998595
Delhi,0.15,5,30,18.724917300001835,0.003995099999883678,18.728912400001718
Delhi,0.15,6,29,3.6209469999957946,0.004270599994924851,3.6252175999907195
Delhi,0.15,7,29,48.442644399998244,0.00394139999843901,48.44658579999668
Delhi,0.15,8,30,13.982596600006218,0.003822299993771594,13.98641889999999
Delhi,0.15,9,29,6.72461530000146,0.005546699998376425,6.7301619999998366
Delhi,0.15,10,27,3.146966500004055,0.00398999999742955,3.1509565000014845
Delhi,0.15,11,30,7.807023000001209,0.0034853000033763237,7.810508300004585
Delhi,0.15,12,28,17.54607749999559,0.004240199996274896,17.550317699991865
Delhi,0.15,13,30,19.563408199996047,0.004429300002811942,19.56783749999886
Delhi,0.15,14,30,23.09864569999627,0.0038901000007172115,23.102535799996986
Delhi,0.15,15,25,0.2113379000002169,0.0038163999997777864,0.2151542999999947
Delhi,0.15,16,30,3.8435478000028525,0.004149499996856321,3.8476972999997088
Delhi,0.15,17,29,2.9907107000035467,0.003795399999944493,2.994506100003491
Delhi,0.15,18,27,0.16087740000511985,0.00381070000003092,0.16468810000515077
Delhi,0.15,19,29,30.26127500000439,0.003833199996734038,30.265108200001123
Delhi,0.15,20,30,12.743162300001131,0.0037754000004497357,12.746937700001581
Delhi,0.15,21,27,0.9608006999987992,0.0037854000038350932,0.9645861000026343
Delhi,0.15,22,27,0.3830607999989297,0.004217099995003082,0.3872778999939328
Delhi,0.15,23,25,0.04926300000079209,0.0036122000019531697,0.05287520000274526
Delhi,0.15,24,29,2.3242210000025807,0.006055500001821201,2.330276500004402
Delhi,0.15,25,29,15.125782199997047,0.003937200002837926,15.129719399999885
Delhi,0.15,26,28,3.8697240999972564,0.004079500002262648,3.873803599999519
Delhi,0.15,27,28,1.76082260000112,0.006387300003552809,1.7672099000046728
Delhi,0.15,28,29,8.083168100005423,0.004444199999852572,8.087612300005276
Delhi,0.15,29,30,9.57701619999716,0.0047378000017488375,9.58175399999891
Delhi,0.15,30,30,31.144203399999242,0.0038640999991912395,31.148067499998433
Delhi,0.15,31,28,0.7914825999978348,0.003999100001237821,0.7954816999990726
Delhi,0.15,32,30,20.215690100005304,0.0037748000031569973,20.21946490000846
Delhi,0.15,33,26,0.0575163999965298,0.003687500000523869,0.06120389999705367
Delhi,0.15,34,28,2.376450299998396,0.004095500000403263,2.3805457999987993
Delhi,0.15,35,29,32.893350800004555,0.004229400001349859,32.897580200005905
Delhi,0.15,36,29,0.3719472000011592,0.003839099998003803,0.375786299999163
Delhi,0.15,37,30,1.3791033000015887,0.0037585999962175265,1.3828618999978062
Delhi,0.15,38,30,7.503079499998421,0.0060901999968336895,7.509169699995255
Delhi,0.15,39,29,3.7804751000003307,0.0043634000030579045,3.7848385000033886
Delhi,0.15,40,30,13.624536499999522,0.0037926000004517846,13.628329099999974
Delhi,0.15,41,28,23.268445900001097,0.0037956999949528836,23.27224159999605
Delhi,0.15,42,28,14.23130410000158,0.003966800002672244,14.235270900004252
Delhi,0.15,43,30,28.852135799999814,0.004051000003528316,28.856186800003343
Delhi,0.15,44,28,25.574223700001312,0.0037871999957133085,25.578010899997025
Delhi,0.15,45,29,17.507380200004263,0.003796099997998681,17.511176300002262
Delhi,0.15,46,30,4.793239099999482,0.0073779999947873875,4.80061709999427
Delhi,0.15,47,27,1.892593599994143,0.003921700001228601,1.8965152999953716
Delhi,0.15,48,28,0.3984368000019458,0.0038165999940247275,0.40225339999597054
Delhi,0.15,49,28,1.4023841000016546,0.003794299998844508,1.406178400000499
Delhi,0.15,50,28,18.583380500000203,0.004111499998543877,18.587491999998747
Delhi,0.15,51,28,5.80228409999836,0.0038999000025796704,5.80618400000094
Delhi,0.15,52,29,17.111614599998575,0.004210999999486376,17.11582559999806
Delhi,0.15,53,29,20.593002300003718,0.00451670000620652,20.597519000009925
Delhi,0.15,54,29,14.133487300001434,0.003784799999266397,14.1372721000007
Delhi,0.15,55,28,0.4384499999941909,0.003850000000966247,0.4422999999951571
Delhi,0.15,56,27,5.044667100002698,0.0038531000027433038,5.048520200005441
Delhi,0.15,57,30,27.019249400000263,0.0038072000024840236,27.023056600002747
Delhi,0.15,58,27,1.777494599999045,0.004580199994961731,1.7820747999940068
Delhi,0.15,59,28,0.930896699996083,0.003925999997591134,0.9348226999936742
Delhi,0.15,60,28,4.151961600000504,0.0037783000007038936,4.155739900001208
Delhi,0.15,61,29,5.664398799999617,0.0038128000014694408,5.6682116000010865
Delhi,0.15,62,29,5.764052400001674,0.005486800000653602,5.769539200002328
Delhi,0.15,63,30,45.74801260000095,0.003786700006457977,45.751799300007406
Delhi,0.15,64,29,8.76232909999817,0.006657700003415812,8.768986800001585
Delhi,0.15,65,28,6.665852600002836,0.0038067999994382262,6.669659400002274
Delhi,0.15,66,30,20.868183500002488,0.003928700003598351,20.872112200006086
Delhi,0.15,67,30,9.761472700003651,0.0038264999966486357,9.7652992000003
Delhi,0.15,68,27,2.434233399995719,0.004561299996566959,2.438794699992286
Delhi,0.15,69,29,5.486441699998977,0.0037874000045121647,5.490229100003489
Delhi,0.15,70,26,0.06278809999639634,0.003998899999714922,0.06678699999611126
Delhi,0.15,71,28,22.803999299998395,0.0063515000001643784,22.81035079999856
Delhi,0.15,72,28,3.960796699997445,0.0038912999953026883,3.964687999992748
Delhi,0.15,73,28,7.107912499996019,0.0038088000001152977,7.111721299996134
Delhi,0.15,74,29,14.56568270000571,0.0043436999985715374,14.57002640000428
Delhi,0.15,75,30,10.104931999994733,0.0038165000005392358,10.108748499995272
Delhi,0.15,76,28,0.33199579999927664,0.003949500001908746,0.3359453000011854
Delhi,0.15,77,28,11.384027699998114,0.003798699995968491,11.387826399994083
Delhi,0.15,78,29,0.48493279999820516,0.0038067999994382262,0.4887395999976434
Delhi,0.15,79,30,30.774778500002867,0.0037977999963914044,30.77857629999926
Delhi,0.15,80,29,38.912121900000784,0.004357899997557979,38.91647979999834
Delhi,0.15,81,27,5.142651399997703,0.004995099996449426,5.147646499994153
Delhi,0.15,82,28,6.54514680000284,0.004226400000334252,6.549373200003174
Delhi,0.15,83,29,5.870116800004325,0.0038260999936028384,5.873942899997928
Delhi,0.15,84,27,0.5540492000000086,0.005048300001362804,0.5590975000013714
Delhi,0.15,85,30,5.517151400003058,0.0038054999968153425,5.520956899999874
Delhi,0.15,86,28,5.513381800003117,0.004392400005599484,5.517774200008716
Delhi,0.15,87,30,31.515699600000517,0.003820600002654828,31.51952020000317
Delhi,0.15,88,29,25.226721399994858,0.0037945000003674068,25.230515899995225
Delhi,0.15,89,28,8.442737500001385,0.003828399996564258,8.44656589999795
Delhi,0.15,90,30,15.803833500001929,0.003822400001809001,15.807655900003738
Delhi,0.15,91,28,3.5795813000004273,0.005182000000786502,3.584763300001214
Delhi,0.15,92,27,10.782621599995764,0.003804100000706967,10.786425699996471
Delhi,0.15,93,28,1.6505069000049843,0.003817900003923569,1.654324800008908
Delhi,0.15,94,27,1.5879443999947398,0.003824499995971564,1.5917688999907114
Delhi,0.15,95,29,30.347802799995407,0.0038596000013058074,30.351662399996712
Delhi,0.15,96,30,8.983176699999603,0.0037966000018059276,8.98697330000141
Delhi,0.15,97,29,6.240067499995348,0.005479300001752563,6.245546799997101
Delhi,0.15,98,28,25.775106200002483,0.006645800000114832,25.781752000002598
Delhi,0.15,99,29,12.11629019999964,0.0038472999949590303,12.120137499994598
Delhi,0.2,0,29,8.16228989999945,0.002249000004667323,8.164538900004118
Delhi,0.2,1,30,33.767115199996624,0.0038115999996080063,33.77092679999623
Delhi,0.2,2,27,0.0956819999992149,0.003776300000026822,0.09945829999924172
Delhi,0.2,3,29,2.457338299995172,0.005386800003179815,2.4627250999983517
Delhi,0.2,4,29,16.225736000000325,0.0039337999987765215,16.2296697999991
Delhi,0.2,5,30,18.87469720000081,0.0038061000013840385,18.878503300002194
Delhi,0.2,6,29,3.7775007000018377,0.005049700004747137,3.782550400006585
Delhi,0.2,7,29,48.22781820000091,0.0038122000041767024,48.23163040000509
Delhi,0.2,8,30,13.435217199999897,0.004557499996735714,13.439774699996633
Delhi,0.2,9,28,6.787976699997671,0.0038666999971610494,6.791843399994832
Delhi,0.2,10,27,3.1067383000045083,0.0037709000025643036,3.1105092000070726
Delhi,0.2,11,30,7.490361700001813,0.003805599997576792,7.49416729999939
Delhi,0.2,12,28,17.32370500000252,0.0037672000034945086,17.327472200006014
Delhi,0.2,13,30,19.37879769999563,0.0037742999993497506,19.38257199999498
Delhi,0.2,14,30,22.817255900001328,0.004143800004385412,22.821399700005713
Delhi,0.2,15,25,0.25307669999892823,0.0038181000054464675,0.2568948000043747
Delhi,0.2,16,30,3.8813159999990603,0.0037894000051892363,3.8851054000042495
Delhi,0.2,17,29,3.042249800004356,0.003867899999022484,3.0461177000033786
Delhi,0.2,18,27,0.1619217000043136,0.0038294000041787513,0.16575110000849236
Delhi,0.2,19,30,29.874049499994726,0.003821300000709016,29.877870799995435
Delhi,0.2,20,30,12.11773379999795,0.0038003000008757226,12.121534099998826
Delhi,0.2,21,27,0.934404400002677,0.003806499997153878,0.9382108999998309
Delhi,0.2,22,27,0.4076234000021941,0.003861200006213039,0.41148460000840714
Delhi,0.2,23,25,0.04986519999511074,0.003967299999203533,0.053832499994314276
Delhi,0.2,24,29,2.2213740999941365,0.007277400000020862,2.2286514999941573
Delhi,0.2,25,29,15.250371900001483,0.003970500001742039,15.254342400003225
Delhi,0.2,26,28,3.852900600002613,0.005005800005164929,3.857906400007778
Delhi,0.2,27,28,1.6864653999946313,0.00407890000496991,1.6905442999996012
Delhi,0.2,28,29,7.769484600001306,0.003855499999190215,7.773340100000496
Delhi,0.2,29,30,9.521705399994971,0.0038016000034986064,9.52550699999847
Delhi,0.2,30,30,30.841831900004763,0.005319100004271604,30.847151000009035
Delhi,0.2,31,27,0.7771296999999322,0.0038266999981715344,0.7809563999981037
Delhi,0.2,32,30,19.04537540000456,0.0038945999986026436,19.049270000003162
Delhi,0.2,33,26,0.07082660000014585,0.007993300001544412,0.07881990000169026
Delhi,0.2,34,28,2.4263274999975692,0.003838100004941225,2.4301656000025105
Delhi,0.2,35,30,32.56847600000037,0.003831599999102764,32.572307599999476
Delhi,0.2,36,29,0.41055420000338927,0.0038487999991048127,0.4144030000024941
Delhi,0.2,37,30,1.381848999997601,0.003975899999204557,1.3858248999968055
Delhi,0.2,38,30,7.674704199998814,0.003799600002821535,7.678503800001636
Delhi,0.2,39,29,3.7030911999972886,0.0038091999958851375,3.706900399993174
Delhi,0.2,40,30,13.307081599996309,0.005490899995493237,13.312572499991802
Delhi,0.2,41,28,21.69704289999936,0.003792700001213234,21.700835600000573
Delhi,0.2,42,28,13.672366899998451,0.004502299998421222,13.676869199996872
Delhi,0.2,43,30,27.34659190000093,0.0037980000051902607,27.35038990000612
Delhi,0.2,44,28,24.42888800000219,0.0037951999984215945,24.43268320000061
Delhi,0.2,45,29,16.834617199994682,0.0038264999966486357,16.83844369999133
Delhi,0.2,46,29,4.6755989999946905,0.003861200006213039,4.679460200000904
Delhi,0.2,47,27,1.8492473000005702,0.003899499999533873,1.8531468000001041
Delhi,0.2,48,28,0.3783475999953225,0.0049123999997391365,0.38325999999506166
Delhi,0.2,49,28,1.377362399995036,0.0038285999980871566,1.3811909999931231
Delhi,0.2,50,28,17.796717199998966,0.003935100001399405,17.800652300000365
Delhi,0.2,51,28,5.60435619999771,0.0038039999999455176,5.608160199997656
Delhi,0.2,52,29,16.364833299994643,0.0038022999942768365,16.36863559998892
Delhi,0.2,53,29,19.95198839999648,0.0038125000064610504,19.95580090000294
Delhi,0.2,54,29,13.668408999998064,0.0038121999969007447,13.672221199994965
Delhi,0.2,55,28,0.42298550000123214,0.00383440000587143,0.42681990000710357
Delhi,0.2,56,27,4.89058980000118,0.003923099997336976,4.894512899998517
Delhi,0.2,57,30,25.617247300004237,0.0041001999998115934,25.62134750000405
Delhi,0.2,58,27,1.726116899997578,0.0037752000062027946,1.7298921000037808
Delhi,0.2,59,28,0.9089232000042102,0.003779999999096617,0.9127032000033068
Delhi,0.2,60,28,4.1269316999969305,0.0037910000028205104,4.130722699999751
Delhi,0.2,61,29,5.656742799998028,0.0037932999985059723,5.660536099996534
Delhi,0.2,62,29,5.88370080000459,0.0037903999982518144,5.887491200002842
Delhi,0.2,63,30,46.30029039999499,0.003864999998768326,46.30415539999376
Delhi,0.2,64,30,8.936030299999402,0.003767199996218551,8.93979749999562
Delhi,0.2,65,28,6.525599200002034,0.0043147999967914075,6.529913999998826
Delhi,0.2,66,30,19.969817799996235,0.0037684999988414347,19.973586299995077
Delhi,0.2,67,30,8.899252300005173,0.0059449999971548095,8.905197300002328
Delhi,0.2,68,28,2.3615638999981456,0.0055081000027712435,2.367072000000917
Delhi,0.2,69,29,5.194908699995722,0.003848599997581914,5.198757299993304
Delhi,0.2,70,26,0.061393799995130394,0.0038381999984267168,0.06523199999355711
Delhi,0.2,71,28,22.742106600002444,0.004353299998911098,22.746459900001355
Delhi,0.2,72,28,3.6717111000034492,0.00395369999750983,3.675664800000959
Delhi,0.2,73,28,7.071678899999824,0.00384920000215061,7.075528100001975
Delhi,0.2,74,29,14.459104000001389,0.003797699995629955,14.462901699997019
Delhi,0.2,75,30,10.168537300000025,0.0038002000001142733,10.17233750000014
Delhi,0.2,76,28,0.2963564000019687,0.0038226999968173914,0.3001790999987861
Delhi,0.2,77,29,11.184714499999245,0.004237200002535246,11.18895170000178
Delhi,0.2,78,29,0.45642619999853196,0.003784799999266397,0.46021099999779835
Delhi,0.2,79,29,30.499817400006577,0.0037895999994361773,30.503607000006014
Delhi,0.2,80,29,37.19936050000251,0.003779500002565328,37.20314000000508
Delhi,0.2,81,27,4.877800999995088,0.003847499996481929,4.88164849999157
Delhi,0.2,82,28,6.3293017000032705,0.003805200001806952,6.3331069000050775
Delhi,0.2,83,29,6.165784500000882,0.005246699998679105,6.171031199999561
Delhi,0.2,84,27,0.593314099998679,0.0050137999933212996,0.5983278999920003
Delhi,0.2,85,30,5.537287599996489,0.0038255999970715493,5.541113199993561
Delhi,0.2,86,28,5.697004800000286,0.003944800002500415,5.700949600002787
Delhi,0.2,87,30,33.835118899994995,0.0038005000023986213,33.838919399997394
Delhi,0.2,88,29,25.846999300003517,0.0038509000005433336,25.85085020000406
Delhi,0.2,89,28,8.506779800001823,0.00378919999639038,8.510568999998213
Delhi,0.2,90,30,16.145207400004438,0.0047088999999687076,16.149916300004406
Delhi,0.2,91,27,3.6922531000018353,0.0038692000016453676,3.6961223000034806
Delhi,0.2,92,27,10.902819299997645,0.003910200000973418,10.906729499998619
Delhi,0.2,93,28,1.6582781999968574,0.005520199993043207,1.6637983999899006
Delhi,0.2,94,27,1.623495500003628,0.0038197000030777417,1.6273152000067057
Delhi,0.2,95,28,29.238147999996727,0.003967799995734822,29.24211579999246
Delhi,0.2,96,30,8.787266999999702,0.005478099999891128,8.792745099999593
Delhi,0.2,97,30,6.034091100002115,0.0037948000026517548,6.037885900004767
Delhi,0.2,98,28,24.089215500003775,0.0038017999977455474,24.09301730000152
Delhi,0.2,99,29,10.816243299996131,0.0037834999966435134,10.820026799992775
Mumbai,0.05,0,27,0.45247530000051484,0.0037727000017184764,0.4562480000022333
Mumbai,0.05,1,27,0.7241318999949726,0.003926500001398381,0.728058399996371
Mumbai,0.05,2,27,0.5430711000008159,0.003790900002059061,0.546862000002875
Mumbai,0.05,3,28,0.4309590999982902,0.0043287999942549504,0.43528789999254514
Mumbai,0.05,4,28,0.787870699998166,0.0038163999997777864,0.7916870999979437
Mumbai,0.05,5,27,2.1215870000014547,0.004268299999239389,2.125855300000694
Mumbai,0.05,6,27,0.5025097000034293,0.003712899997481145,0.5062226000009105
Mumbai,0.05,7,25,0.05521900000167079,0.003881500000716187,0.05910050000238698
Mumbai,0.05,8,27,0.07737569999881089,0.005517999998119194,0.08289369999693008
Mumbai,0.05,9,28,0.9981673000002047,0.003797000004851725,1.0019643000050564
Mumbai,0.05,10,29,8.478304800002661,0.004317699997045565,8.482622499999707
Mumbai,0.05,11,28,3.1716989999986254,0.003808900000876747,3.175507899999502
Mumbai,0.05,12,30,1.6700408000033349,0.0038161999982548878,1.6738570000015898
Mumbai,0.05,13,28,0.2119663000048604,0.0037991999997757375,0.21576550000463612
Mumbai,0.05,14,27,2.3837006999965524,0.003814700001385063,2.3875153999979375
Mumbai,0.05,15,27,2.0052536000002874,0.004380500002298504,2.009634100002586
Mumbai,0.05,16,29,2.671577699999034,0.0038277000057860278,2.67540540000482
Mumbai,0.05,17,29,1.4791504000022542,0.003831099995295517,1.4829814999975497
Mumbai,0.05,18,28,1.0575314000016078,0.0038128000014694408,1.0613442000030773
Mumbai,0.05,19,27,2.7990108000012697,0.00391249999665888,2.8029232999979286
Mumbai,0.05,20,28,0.803364799998235,0.0038519000008818693,0.8072166999991168
Mumbai,0.05,21,26,0.8780769000004511,0.004394700001284946,0.8824716000017361
Mumbai,0.05,22,27,0.20452869999280665,0.0038911000010557473,0.2084197999938624
Mumbai,0.05,23,28,1.4758772000059253,0.003958999994210899,1.4798362000001362
Mumbai,0.05,24,28,0.7255727000010666,0.004037799997604452,0.729610499998671
Mumbai,0.05,25,26,0.39277690000017174,0.003925500001059845,0.3967024000012316
Mumbai,0.05,26,27,0.49587289999908535,0.003811199996562209,0.49968409999564756
Mumbai,0.05,27,26,0.5694064999988768,0.004732800000056159,0.574139299998933
Mumbai,0.05,28,27,3.454328199994052,0.003989299999375362,3.458317499993427
Mumbai,0.05,29,28,3.375691100001859,0.005749700001615565,3.3814408000034746
Mumbai,0.05,30,29,13.565822800002934,0.0038493000029120594,13.569672100005846
Mumbai,0.05,31,27,5.282029500005592,0.003805599997576792,5.285835100003169
Mumbai,0.05,32,28,0.7130094999956782,0.004063199994561728,0.7170726999902399
Mumbai,0.05,33,27,7.482957799998985,0.0038186000019777566,7.486776400000963
Mumbai,0.05,34,26,0.054059499998402316,0.004394600000523496,0.05845409999892581
Mumbai,0.05,35,28,5.907764500007033,0.0037785000022267923,5.91154300000926
Mumbai,0.05,36,28,0.785844799996994,0.004368699999758974,0.7902134999967529
Mumbai,0.05,37,28,3.023800499999197,0.003773399999772664,3.02757389999897
Mumbai,0.05,38,29,9.417654600001697,0.00390989999868907,9.421564500000386
Mumbai,0.05,39,27,1.4382080999930622,0.004142300000239629,1.4423503999933018
Mumbai,0.05,40,25,0.046178800002962817,0.003829000001132954,0.05000780000409577
Mumbai,0.05,41,26,0.2781246000013198,0.0036466000019572675,0.28177120000327704
Mumbai,0.05,42,27,4.390269999996235,0.0038322999971569516,4.394102299993392
Mumbai,0.05,43,28,0.10300160000042524,0.003908799997589085,0.10691039999801433
Mumbai,0.05,44,30,0.7645124000046053,0.004050799994729459,0.7685631999993348
Mumbai,0.05,45,27,2.8176270999974804,0.004372800001874566,2.821999899999355
Mumbai,0.05,46,28,0.36059240000031423,0.004099099998711608,0.36469149999902584
Mumbai,0.05,47,27,3.7798949999996694,0.0037893999979132786,3.7836843999975827
Mumbai,0.05,48,27,4.228554400004214,0.0038018999985069968,4.232356300002721
Mumbai,0.05,49,26,0.43296949999785284,0.003804299994953908,0.43677379999280674
Mumbai,0.05,50,27,0.7379206999976304,0.0039161000022431836,0.7418367999998736
Mumbai,0.05,51,26,0.061973600000783335,0.003496399993309751,0.06546999999409309
Mumbai,0.05,52,29,6.472620599997754,0.0038328000009641983,6.476453399998718
Mumbai,0.05,53,27,1.3435997999986284,0.004066400004376192,1.3476662000030046
Mumbai,0.05,54,27,0.7652325000017299,0.004065899993292987,0.7692983999950229
Mumbai,0.05,55,28,1.5652727000051527,0.0038548000011360273,1.5691275000062888
Mumbai,0.05,56,27,0.636444499999925,0.003925999997591134,0.6403704999975162
Mumbai,0.05,57,25,0.024711499994737096,0.0038218999980017543,0.02853339999273885
Mumbai,0.05,58,29,1.237290800003393,0.004574499995214865,1.241865299998608
Mumbai,0.05,59,27,0.3577355000015814,0.004013500001747161,0.36174900000332855
Mumbai,0.05,60,28,5.289217700003064,0.0038854999947943725,5.293103199997859
Mumbai,0.05,61,27,0.7628200000035577,0.006820700000389479,0.7696407000039471
Mumbai,0.05,62,27,1.2876746999972966,0.003846500003419351,1.291521200000716
Mumbai,0.05,63,28,1.4880896000031498,0.0038291000018944032,1.4919187000050442
Mumbai,0.05,64,28,0.1555993000001763,0.003978700005973224,0.15957800000614952
Mumbai,0.05,65,29,4.151466600000276,0.0038267999989329837,4.155293399999209
Mumbai,0.05,66,28,7.407627200002025,0.003831900001387112,7.4114591000034125
Mumbai,0.05,67,27,2.911805200004892,0.003841899997496512,2.9156471000023885
Mumbai,0.05,68,27,0.8116697000004933,0.00382069999614032,0.8154903999966336
Mumbai,0.05,69,27,0.35210319999896456,0.0037688000011257827,0.35587200000009034
Mumbai,0.05,70,28,4.431060000002617,0.003821400001470465,4.4348814000040875
Mumbai,0.05,71,26,2.020132099998591,0.0037926000004517846,2.023924699999043
Mumbai,0.05,72,29,1.4437851999973645,0.003801200000452809,1.4475863999978174
Mumbai,0.05,73,29,7.945199500005401,0.0038234999956330284,7.949023000001034
Mumbai,0.05,74,27,0.3403531000003568,0.003872699999192264,0.34422579999954905
Mumbai,0.05,75,28,3.741957399994135,0.003811800001130905,3.745769199995266
Mumbai,0.05,76,29,0.37907909999921685,0.003853900001558941,0.3829330000007758
Mumbai,0.05,77,27,0.31756160000077216,0.0038039999999455176,0.3213656000007177
Mumbai,0.05,78,27,0.9702629000021261,0.003807199995208066,0.9740700999973342
Mumbai,0.05,79,28,1.7612764000004972,0.0038109000015538186,1.765087300002051
Mumbai,0.05,80,27,3.9932739999931073,0.003874900001392234,3.9971488999944995
Mumbai,0.05,81,26,0.298649900003511,0.0038381999984267168,0.3024881000019377
Mumbai,0.05,82,28,3.6071431999953347,0.004439800002728589,3.6115829999980633
Mumbai,0.05,83,28,1.3552492000017082,0.0038024000023142435,1.3590516000040225
Mumbai,0.05,84,27,6.492415599997912,0.0038541999965673313,6.496269799994479
Mumbai,0.05,85,27,1.3197270999953616,0.0038410999986808747,1.3235681999940425
Mumbai,0.05,86,27,1.1901735000064946,0.003835399998934008,1.1940089000054286
Mumbai,0.05,87,28,0.47273060000588885,0.0038552999976673163,0.47658590000355616
Mumbai,0.05,88,28,0.30855370000062976,0.003961400005209725,0.3125151000058395
Mumbai,0.05,89,28,1.8949403000005987,0.0051621999955386855,1.9001024999961373
Mumbai,0.05,90,28,0.7162441000036779,0.0038134999995236285,0.7200576000032015
Mumbai,0.05,91,27,2.919982399995206,0.003785499997320585,2.9237678999925265
Mumbai,0.05,92,26,0.09767780000402126,0.004862300003878772,0.10254010000790004
Mumbai,0.05,93,27,1.9004031000004034,0.0021667999972123653,1.9025698999976157
Mumbai,0.05,94,27,0.6533457999976235,0.0038226999968173914,0.6571684999944409
Mumbai,0.05,95,29,1.0055061999955797,0.003850399996736087,1.0093565999923158
Mumbai,0.05,96,28,2.4331802999950014,0.005595900001935661,2.438776199996937
Mumbai,0.05,97,27,0.0960890999995172,0.0035645000025397167,0.09965360000205692
Mumbai,0.05,98,25,0.08496259999810718,0.0038875000027474016,0.08885010000085458
Mumbai,0.05,99,28,0.6631591999976081,0.0038350000031641684,0.6669942000007723
Mumbai,0.1,0,27,0.4624809000015375,0.004001200002676342,0.46648210000421386
Mumbai,0.1,1,27,0.7529076999999234,0.004143499994825106,0.7570511999947485
Mumbai,0.1,2,27,0.6036516999956802,0.0038265000039245933,0.6074781999996048
Mumbai,0.1,3,28,0.47172199999477016,0.004861900000832975,0.47658389999560313
Mumbai,0.1,4,28,0.8062900000004447,0.0038904999964870512,0.8101804999969318
Mumbai,0.1,5,27,2.1105298999973456,0.0038314999983413145,2.114361399995687
Mumbai,0.1,6,27,0.4974168000044301,0.003812299997662194,0.5012291000020923
Mumbai,0.1,7,25,0.04953390000446234,0.004307499999413267,0.053841400003875606
Mumbai,0.1,8,27,0.07759160000568954,0.0038021000000298955,0.08139370000571944
Mumbai,0.1,9,28,1.005848300002981,0.0040709999957471155,1.009919299998728
Mumbai,0.1,10,28,8.414121699999669,0.0044536999994306825,8.4185753999991
Mumbai,0.1,11,28,3.2017440000054194,0.003877499999362044,3.2056215000047814
Mumbai,0.1,12,29,1.6562210999982199,0.0038457999980892055,1.660066899996309
Mumbai,0.1,13,27,0.2087048999965191,0.004573899997922126,0.21327879999444121
Mumbai,0.1,14,27,2.4176974999936647,0.0038797000015620142,2.4215771999952267
Mumbai,0.1,15,28,1.9241330000004382,0.004916500001854729,1.929049500002293
Mumbai,0.1,16,28,2.7130600000018603,0.003797199999098666,2.716857200000959
Mumbai,0.1,17,30,1.4893131999997422,0.0038321000029100105,1.4931453000026522
Mumbai,0.1,18,28,1.074455999994825,0.003923199998098426,1.0783791999929235
Mumbai,0.1,19,27,2.7451762999990024,0.00386399999842979,2.749040299997432
Mumbai,0.1,20,28,0.8096452000027057,0.0051232999976491556,0.8147685000003548
Mumbai,0.1,21,26,0.9346084000062547,0.004335799996624701,0.9389442000028794
Mumbai,0.1,22,26,0.20484449999639764,0.0038194000007933937,0.20866389999719104
Mumbai,0.1,23,28,1.467243099999905,0.004241800001182128,1.4714849000010872
Mumbai,0.1,24,28,0.7179229000030318,0.003858399999444373,0.7217813000024762
Mumbai,0.1,25,26,0.4048889000041527,0.003820799996901769,0.40870970000105444
Mumbai,0.1,26,27,0.5221499999970547,0.0038405000013881363,0.5259904999984428
Mumbai,0.1,27,26,0.5765816000057384,0.004046000001835637,0.5806276000075741
Mumbai,0.1,28,27,3.4603390999982366,0.0038759999952162616,3.464215099993453
Mumbai,0.1,29,28,3.4747428000046057,0.004065699999046046,3.4788085000036517
Mumbai,0.1,30,29,11.025964100001147,0.002231599995866418,11.028195699997013
Mumbai,0.1,31,27,3.1857451000032597,0.002066900000500027,3.1878120000037597
Mumbai,0.1,32,29,0.42890649999753805,0.0021256000036373734,0.4310321000011754
Mumbai,0.1,33,27,4.502134999995178,0.002109300003212411,4.5042442999983905
Mumbai,0.1,34,26,0.030283000000054017,0.001898100003018044,0.03218110000307206
Mumbai,0.1,35,28,3.5874904000011156,0.002103899998473935,3.5895942999995896
Mumbai,0.1,36,28,0.4727383999997983,0.002108200002112426,0.4748466000019107
Mumbai,0.1,37,28,1.8539233999981661,0.0021162999983062036,1.8560396999964723
Mumbai,0.1,38,29,5.643965499999467,0.002088700006424915,5.646054200005892
Mumbai,0.1,39,27,0.8617271999974037,0.002384700004768092,0.8641119000021718
Mumbai,0.1,40,25,0.029525500001909677,0.002159100004064385,0.03168460000597406
Mumbai,0.1,41,26,0.16846590000204742,0.0020344000004115514,0.17050030000245897
Mumbai,0.1,42,27,2.6556055000037304,0.0021473000015248545,2.6577528000052553
Mumbai,0.1,43,28,0.061446599996997975,0.002100300000165589,0.06354689999716356
Mumbai,0.1,44,28,0.46740760000102455,0.00212870000541443,0.469536300006439
Mumbai,0.1,45,27,1.720985899999505,0.0031916000007186085,1.7241775000002235
Mumbai,0.1,46,28,0.21374490000016522,0.002154999994672835,0.21589989999483805
Mumbai,0.1,47,28,2.2459635000050184,0.00214129999949364,2.248104800004512
Mumbai,0.1,48,27,2.521133300004294,0.0021502000017790124,2.523283500006073
Mumbai,0.1,49,26,0.26378090000071097,0.00228649999917252,0.2660673999998835
Mumbai,0.1,50,27,0.44223929999861866,0.0021360000027925707,0.44437530000141123
Mumbai,0.1,51,26,0.03835599999729311,0.0018440999992890283,0.04020009999658214
Mumbai,0.1,52,29,3.9168757000006735,0.002114199996867683,3.918989899997541
Mumbai,0.1,53,27,0.8462004999964847,0.00217500000144355,0.8483754999979283
Mumbai,0.1,54,27,0.47179329999926267,0.002128100000845734,0.4739214000001084
Mumbai,0.1,55,28,0.9228935999999521,0.0021821000045747496,0.9250757000045269
Mumbai,0.1,56,27,0.3448569999964093,0.0021100999947520904,0.3469670999911614
Mumbai,0.1,57,25,0.015501499998208601,0.0018682000008993782,0.01736969999910798
Mumbai,0.1,58,30,0.6623837000006461,0.0021560000022873282,0.6645397000029334
Mumbai,0.1,59,27,0.2087549999996554,0.002147399995010346,0.21090239999466576
Mumbai,0.1,60,28,2.977196500003629,0.002104500003042631,2.9793010000066715
Mumbai,0.1,61,27,0.4435596999974223,0.0021462000004248694,0.44570589999784715
Mumbai,0.1,62,27,0.750560200001928,0.0022177999999257736,0.7527780000018538
Mumbai,0.1,63,28,0.8584323000031873,0.0021014000012655742,0.8605337000044528
Mumbai,0.1,64,28,0.09714499999972759,0.0021601999978884123,0.099305199997616
Mumbai,0.1,65,29,2.4138023000050453,0.0021235000021988526,2.415925800007244
Mumbai,0.1,66,28,4.3004843999951845,0.0021077999990666285,4.302592199994251
Mumbai,0.1,67,27,1.7029199000025983,0.002086399996187538,1.7050062999987858
Mumbai,0.1,68,27,0.4756158000018331,0.0020874000038020313,0.47770320000563515
Mumbai,0.1,69,27,0.2155791000041063,0.002117999996698927,0.21769710000080522
Mumbai,0.1,70,28,2.4951327000017045,0.002125200000591576,2.497257900002296
Mumbai,0.1,71,26,1.212518699998327,0.0020817999975406565,1.2146004999958677
Mumbai,0.1,72,29,0.8592960000023595,0.0021164999998291023,0.8614125000021886
Mumbai,0.1,73,29,4.759927700004482,0.0023635000034119003,4.762291200007894
Mumbai,0.1,74,27,0.21169989999907557,0.002078100005746819,0.2137780000048224
Mumbai,0.1,75,28,2.2773164000027464,0.0021309000003384426,2.279447300003085
Mumbai,0.1,76,29,0.23577490000025136,0.002100399993651081,0.23787529999390244
Mumbai,0.1,77,26,0.19755040000018198,0.002084899999317713,0.1996352999994997
Mumbai,0.1,78,27,0.6208019999976386,0.0020881999953417107,0.6228901999929803
Mumbai,0.1,79,28,1.0935128000055556,0.002093100003548898,1.0956059000091045
Mumbai,0.1,80,27,2.4104656999988947,0.0020980000044801272,2.412563700003375
Mumbai,0.1,81,26,0.18747630000143545,0.0020098999957554042,0.18948619999719085
Mumbai,0.1,82,28,2.2357219999976223,0.002121500001521781,2.237843499999144
Mumbai,0.1,83,28,0.8369372000015574,0.002179199997044634,0.839116399998602
Mumbai,0.1,84,27,3.9234926999997697,0.0021283000023686327,3.9256210000021383
Mumbai,0.1,85,27,0.8131310000026133,0.0021314000041456893,0.815262400006759
Mumbai,0.1,86,27,0.7246090000044205,0.002074500000162516,0.726683500004583
Mumbai,0.1,87,28,0.2903879000004963,0.0021455999958561733,0.2925334999963525
Mumbai,0.1,88,28,0.186382699997921,0.002004100002523046,0.18838680000044405
Mumbai,0.1,89,29,1.1834277999951155,0.0020956000007572584,1.1855233999958728
Mumbai,0.1,90,28,0.4289571000044816,0.0021602999986498617,0.4311174000031315
Mumbai,0.1,91,27,1.779724799998803,0.0020922000039718114,1.7818170000027749
Mumbai,0.1,92,26,0.06043589999899268,0.001852000001235865,0.06228790000022855
Mumbai,0.1,93,27,1.163554300001124,0.002142200006346684,1.1656965000074706
Mumbai,0.1,94,28,0.4032124000004842,0.0022176999991643243,0.4054300999996485
Mumbai,0.1,95,29,0.617360500000359,0.002150799999071751,0.6195112999994308
Mumbai,0.1,96,28,1.4756255000029341,0.0021660999991581775,1.4777916000020923
Mumbai,0.1,97,27,0.06080359999759821,0.0021201000054134056,0.06292370000301162
Mumbai,0.1,98,25,0.05277660000137985,0.002042200001596939,0.054818800002976786
Mumbai,0.1,99,28,0.39794570000231033,0.002064000000245869,0.4000097000025562
Mumbai,0.15,0,27,0.28246840000065276,0.0021353999982238747,0.28460379999887664
Mumbai,0.15,1,27,0.45290830000158167,0.0020957000015187077,0.4550040000031004
Mumbai,0.15,2,27,0.33823080000001937,0.0020472999967751093,0.3402780999967945
Mumbai,0.15,3,28,0.2750653000039165,0.002106100000673905,0.2771714000045904
Mumbai,0.15,4,28,0.4758445999977994,0.002153300003556069,0.47799790000135545
Mumbai,0.15,5,27,1.283731399998942,0.00211459999991348,1.2858459999988554
Mumbai,0.15,6,27,0.3061701000042376,0.002115600000252016,0.3082857000044896
Mumbai,0.15,7,25,0.03002379999816185,0.001991600001929328,0.032015400000091176
Mumbai,0.15,8,27,0.04846019999968121,0.0021421000055852346,0.05060230000526644
Mumbai,0.15,9,28,0.6186846999989939,0.0020796999961021356,0.620764399995096
Mumbai,0.15,10,28,5.05049880000297,0.002103999999235384,5.052602800002205
Mumbai,0.15,11,28,1.9119950999956927,0.002262699999846518,1.9142577999955392
Mumbai,0.15,12,29,1.0309610000040266,0.0021058999991510063,1.0330669000031776
Mumbai,0.15,13,28,0.1290097999954014,0.001921200004289858,0.13093099999969127
Mumbai,0.15,14,27,1.4656211000037729,0.0021084000036353245,1.4677295000074082
Mumbai,0.15,15,28,1.1800438999998732,0.002095999996527098,1.1821398999964003
Mumbai,0.15,16,29,1.634035999995831,0.002197800000431016,1.636233799996262
Mumbai,0.15,17,29,0.9176492000042344,0.0021455000023706816,0.9197947000066051
Mumbai,0.15,18,28,0.6663427000021329,0.002096799995342735,0.6684394999974757
Mumbai,0.15,19,27,1.683824599997024,0.0020891000021947548,1.6859136999992188
Mumbai,0.15,20,28,0.4880057999980636,0.002049700000497978,0.4900554999985616
Mumbai,0.15,21,26,0.5327522000006866,0.002079799996863585,0.5348319999975502
Mumbai,0.15,22,27,0.12388459999783663,0.002062400002614595,0.12594700000045123
Mumbai,0.15,23,28,0.8965654999992694,0.0021235999956843443,0.8986890999949537
Mumbai,0.15,24,28,0.4374256000010064,0.002154800000425894,0.4395804000014323
Mumbai,0.15,25,26,0.23786329999711597,0.002192699997976888,0.24005599999509286
Mumbai,0.15,26,27,0.31361520000064047,0.002111699999659322,0.3157269000002998
Mumbai,0.15,27,26,0.344092899998941,0.0020475999990594573,0.34614049999800045
Mumbai,0.15,28,27,2.0959337999956915,0.00212390000524465,2.098057700000936
Mumbai,0.15,29,28,2.009517999998934,0.002154499998141546,2.0116724999970756
Mumbai,0.15,30,29,8.168991899998218,0.002204399999754969,8.171196299997973
Mumbai,0.15,31,27,3.173200800003542,0.0021994999988237396,3.175400300002366
Mumbai,0.15,32,29,0.42587850000563776,0.002041500003542751,0.4279200000091805
Mumbai,0.15,33,27,4.48331170000165,0.002190700004575774,4.485502400006226
Mumbai,0.15,34,26,0.0304004999998142,0.0018941999951493926,0.032294699994963594
Mumbai,0.15,35,28,3.5982472999967285,0.0021121000027051196,3.6003593999994337
Mumbai,0.15,36,28,0.4867709999962244,0.002149300002201926,0.48892029999842634
Mumbai,0.15,37,28,1.8728935000035563,0.002078800003801007,1.8749723000073573
Mumbai,0.15,38,29,5.628687700002047,0.0021594999998342246,5.630847200001881
Mumbai,0.15,39,27,0.8585745000018505,0.0021172999986447394,0.8606918000004953
Mumbai,0.15,40,25,0.030039400000532623,0.0019236000007367693,0.03196300000126939
Mumbai,0.15,41,26,0.16807880000123987,0.001981100002012681,0.17005990000325255
Mumbai,0.15,42,27,2.6517593000025954,0.002127499996277038,2.6538867999988724
Mumbai,0.15,43,28,0.06034200000431156,0.002051000003120862,0.06239300000743242
Mumbai,0.15,44,29,0.46374479999940377,0.002167900005588308,0.4659127000049921
Mumbai,0.15,45,27,1.714458399997966,0.002082399994833395,1.7165407999927993
Mumbai,0.15,46,28,0.21157210000092164,0.0021129000015207566,0.2136850000024424
Mumbai,0.15,47,28,2.2367656999995233,0.0021312000026227906,2.238896900002146
Mumbai,0.15,48,27,2.547712400002638,0.0020755000005010515,2.549787900003139
Mumbai,0.15,49,26,0.2662147000010009,0.002093600000080187,0.2683083000010811
Mumbai,0.15,50,27,0.446391900004528,0.0021493999956874177,0.4485413000002154
Mumbai,0.15,51,26,0.038753799999540206,0.0020208999994792975,0.040774699999019504
Mumbai,0.15,52,29,3.9159521000037785,0.0020740000036312267,3.9180261000074097
Mumbai,0.15,53,27,0.8215549999949872,0.002089699999487493,0.8236446999944746
Mumbai,0.15,54,27,0.47123439999995753,0.0020351999992271885,0.4732695999991847
Mumbai,0.15,55,28,0.926836300001014,0.002137200004654005,0.928973500005668
Mumbai,0.15,56,27,0.34529900000052294,0.0022108999983174726,0.3475098999988404
Mumbai,0.15,57,25,0.015766700002131984,0.0019363999963388778,0.01770309999847086
Mumbai,0.15,58,30,0.6819943000009516,0.002279500004078727,0.6842738000050304
Mumbai,0.15,59,27,0.20815310000034515,0.0021084999971208163,0.21026159999746596
Mumbai,0.15,60,28,2.964584000001196,0.002139199998055119,2.966723199999251
Mumbai,0.15,61,27,0.44093500000599306,0.00217759999941336,0.4431126000054064
Mumbai,0.15,62,27,0.7229279000021052,0.0021437000032165088,0.7250716000053217
Mumbai,0.15,63,28,0.852575999997498,0.002134899994416628,0.8547108999919146
Mumbai,0.15,64,28,0.0976684999986901,0.0019075999953201972,0.09957609999401029
Mumbai,0.15,65,29,2.409428200000548,0.002144900005077943,2.4115731000056257
Mumbai,0.15,66,28,4.284881200001109,0.0021140999961062334,4.286995299997216
Mumbai,0.15,67,28,1.7391004000019166,0.0021647999965352938,1.7412651999984519
Mumbai,0.15,68,27,0.48151440000219736,0.002086000000417698,0.48360040000261506
Mumbai,0.15,69,27,0.20740089999890188,0.002122600002621766,0.20952350000152364
Mumbai,0.15,70,28,2.471725499999593,0.0020800000056624413,2.4738055000052555
Mumbai,0.15,71,26,1.1823032000029343,0.0020872000022791326,1.1843904000052135
Mumbai,0.15,72,29,0.8384207999988575,0.0021388000022852793,0.8405596000011428
Mumbai,0.15,73,29,4.796468000000459,0.0020942999981343746,4.7985622999985935
Mumbai,0.15,74,27,0.2133103999949526,0.0021121999961906113,0.21542259999114322
Mumbai,0.15,75,28,2.288752899999963,0.0021044999957666732,2.29085739999573
Mumbai,0.15,76,28,0.23581910000211792,0.0019492999999783933,0.23776840000209631
Mumbai,0.15,77,26,0.19738940000388538,0.002134700000169687,0.19952410000405507
Mumbai,0.15,78,27,0.6185534999967786,0.00211200000194367,0.6206654999987222
Mumbai,0.15,79,28,1.1006249999991269,0.0020994000005885027,1.1027243999997154
Mumbai,0.15,80,27,2.443749599995499,0.00209280000126455,2.4458423999967636
Mumbai,0.15,81,26,0.1826645999972243,0.0019257999956607819,0.18459039999288507
Mumbai,0.15,82,28,2.2283422999971663,0.0021609999967040494,2.2305032999938703
Mumbai,0.15,83,28,0.8382053999957861,0.002104300001519732,0.8403096999973059
Mumbai,0.15,84,27,3.9499021000010544,0.0021737999995821156,3.9520759000006365
Mumbai,0.15,85,27,0.8004229999933159,0.00219459999789251,0.8026175999912084
Mumbai,0.15,86,27,0.741914899997937,0.002202000003308058,0.7441169000012451
Mumbai,0.15,87,28,0.29443739999987883,0.0020847999985562637,0.2965221999984351
Mumbai,0.15,88,28,0.19380709999677492,0.0021486000041477382,0.19595570000092266
Mumbai,0.15,89,29,1.184671700000763,0.0021304000038071536,1.18680210000457
Mumbai,0.15,90,28,0.42935510000097565,0.0023614000019733794,0.43171650000294903
Mumbai,0.15,91,28,1.7846170000048005,0.002158600000257138,1.7867756000050576
Mumbai,0.15,92,26,0.06051490000390913,0.002050399998552166,0.0625653000024613
Mumbai,0.15,93,27,1.1805050000039046,0.002188800004660152,1.1826938000085647
Mumbai,0.15,94,27,0.39490379999915604,0.0021157000010134652,0.3970195000001695
Mumbai,0.15,95,29,0.6226317000036943,0.0021209000042290427,0.6247526000079233
Mumbai,0.15,96,28,1.491168499997002,0.002127300002030097,1.4932957999990322
Mumbai,0.15,97,27,0.05935000000317814,0.0019285000016679987,0.06127850000484614
Mumbai,0.15,98,25,0.051903999999922235,0.0018500000005587935,0.05375400000048103
Mumbai,0.15,99,28,0.3982819999946514,0.0021197000023676082,0.400401699997019
Mumbai,0.2,0,27,0.28045140000176616,0.002122500001860317,0.2825739000036265
Mumbai,0.2,1,27,0.45126990000426304,0.002113800001097843,0.4533837000053609
Mumbai,0.2,2,27,0.34242550000635674,0.0022083000003476627,0.3446338000067044
Mumbai,0.2,3,28,0.2720539000001736,0.0021433000001707114,0.2741972000003443
Mumbai,0.2,4,28,0.47887960000662133,0.002136199997039512,0.48101580000366084
Mumbai,0.2,5,27,1.282398600000306,0.00211459999991348,1.2845132000002195
Mumbai,0.2,6,27,0.3116859999936423,0.0020999000043957494,0.3137858999980381
Mumbai,0.2,7,25,0.02963129999989178,0.001872100001492072,0.03150340000138385
Mumbai,0.2,8,27,0.04805130000022473,0.001948899996932596,0.050000199997157324
Mumbai,0.2,9,28,0.6166021999961231,0.0020824000021093525,0.6186845999982324
Mumbai,0.2,10,28,5.076639899998554,0.002133299996785354,5.078773199995339
Mumbai,0.2,11,28,1.9637366000024485,0.0020814999952563085,1.9658180999977048
Mumbai,0.2,12,29,1.0288054999982705,0.002147699997294694,1.0309531999955652
Mumbai,0.2,13,27,0.13017910000053234,0.0022274999937508255,0.13240659999428317
Mumbai,0.2,14,27,1.4837079999997513,0.002223800001956988,1.4859318000017083
Mumbai,0.2,15,28,1.2054026999976486,0.002139500000339467,1.207542199997988
Mumbai,0.2,16,29,1.6436802999960491,0.0021029000054113567,1.6457832000014605
Mumbai,0.2,17,29,0.909182299998065,0.002268300006107893,0.9114506000041729
Mumbai,0.2,18,28,0.659997700000531,0.002082399994833395,0.6620800999953644
Mumbai,0.2,19,27,1.6562561999962782,0.002177500005927868,1.658433700002206
Mumbai,0.2,20,28,0.48896209999657003,0.00223829999595182,0.49120039999252185
Mumbai,0.2,21,26,0.5640360000033979,0.0020403000016813166,0.5660763000050792
Mumbai,0.2,22,27,0.1289593000037712,0.00209309999627294,0.13105240000004414
Mumbai,0.2,23,28,0.9180745999983628,0.0021650999988196418,0.9202396999971825
Mumbai,0.2,24,27,0.4362619999956223,0.0021283000023686327,0.43839029999799095
Mumbai,0.2,25,26,0.2351565999997547,0.0020952000049874187,0.2372518000047421
Mumbai,0.2,26,27,0.3108576999948127,0.002207300000009127,0.31306499999482185
Mumbai,0.2,27,26,0.3501371000020299,0.0021459999989019707,0.3522831000009319
Mumbai,0.2,28,27,2.110175599998911,0.0020994000005885027,2.1122749999994994
Mumbai,0.2,29,28,2.030085999998846,0.0021217000030446798,2.0322077000018908
Mumbai,0.2,30,29,8.31195409999782,0.002108200002112426,8.314062299999932
Mumbai,0.2,31,27,3.1861506999994162,0.002123300000675954,3.188274000000092
Mumbai,0.2,32,28,0.4176900999955251,0.0021351000032154843,0.4198251999987406
Mumbai,0.2,33,27,4.505203299995628,0.0021044999957666732,4.507307799991395
Mumbai,0.2,34,26,0.030367899998964276,0.0018896999972639605,0.03225759999622824
Mumbai,0.2,35,28,3.6212648000000627,0.0021134000053280033,3.6233782000053907
Mumbai,0.2,36,28,0.47669860000314657,0.002140600001439452,0.478839200004586
Mumbai,0.2,37,28,1.8544696000026306,0.0023046999995131046,1.8567743000021437
Mumbai,0.2,38,29,5.630645299999742,0.0021569000018644147,5.632802200001606
Mumbai,0.2,39,27,0.8590500999998767,0.0020946999939042144,0.8611447999937809
Mumbai,0.2,40,25,0.028899600001750514,0.0018360000030952506,0.030735600004845764
Mumbai,0.2,41,26,0.16854639999655774,0.0021682000005966984,0.17071459999715444
Mumbai,0.2,42,27,2.6580995000040275,0.0021649999980581924,2.6602645000020857
Mumbai,0.2,43,28,0.0611916999987443,0.0018972999969264492,0.06308899999567075
Mumbai,0.2,44,28,0.46557709999615327,0.0020414999962667935,0.46761859999242006
Mumbai,0.2,45,27,1.7262752000024193,0.002162299999326933,1.7284375000017462
Mumbai,0.2,46,28,0.21418419999827165,0.0020506999935605563,0.2162348999918322
Mumbai,0.2,47,27,2.276782099994307,0.0020909000013489276,2.278872999995656
Mumbai,0.2,48,27,2.5929226000007475,0.002127300002030097,2.5950499000027776
Mumbai,0.2,49,26,0.269376000003831,0.002129400003468618,0.2715054000072996
Mumbai,0.2,50,27,0.4571672999954899,0.0021010000054957345,0.4592683000009856
Mumbai,0.2,51,26,0.04086589999496937,0.0018628999969223514,0.04272879999189172
Mumbai,0.2,52,30,3.9417284000010113,0.002553400001488626,3.9442818000025
Mumbai,0.2,53,27,0.8277285000003758,0.0021245000025373884,0.8298530000029132
Mumbai,0.2,54,27,0.4762016999957268,0.002083600003970787,0.4782852999996976
Mumbai,0.2,55,28,0.9411368000000948,0.002123300000675954,0.9432601000007708
Mumbai,0.2,56,27,0.346229000002495,0.0021007000032113865,0.3483297000057064
Mumbai,0.2,57,25,0.016944400005741045,0.001862900004198309,0.018807300009939354
Mumbai,0.2,58,30,0.6713149000061094,0.00213350000558421,0.6734484000116936
Mumbai,0.2,59,27,0.20745850000093924,0.0020838999989791773,0.20954239999991842
Mumbai,0.2,60,28,2.9981698999981745,0.0021061999941593967,3.000276099992334
Mumbai,0.2,61,27,0.446418999999878,0.002139999996870756,0.44855899999674875
Mumbai,0.2,62,27,0.7612536000015098,0.002162600001611281,0.763416200003121
Mumbai,0.2,63,28,0.867128000005323,0.0022353999956976622,0.8693634000010206
Mumbai,0.2,64,28,0.09745879999536555,0.002142400000593625,0.09960119999595918
Mumbai,0.2,65,29,2.435333500005072,0.002224300005764235,2.437557800010836
Mumbai,0.2,66,28,4.318859500002873,0.0021066999979666434,4.320966200000839
Mumbai,0.2,67,27,1.735293300000194,0.0020931999970343895,1.7373864999972284
Mumbai,0.2,68,27,0.4849439000026905,0.0021309000003384426,0.48707480000302894
Mumbai,0.2,69,27,0.21215499999379972,0.0024007999963941984,0.21455579999019392
Mumbai,0.2,70,28,2.5124663000024157,0.002107899999828078,2.5145742000022437
Mumbai,0.2,71,26,1.2012415999997756,0.002174399996874854,1.2034159999966505
Mumbai,0.2,72,29,0.8412174000040977,0.0021040999999968335,0.8433215000040946
Mumbai,0.2,73,30,4.787453800003277,0.0020951000042259693,4.789548900007503
Mumbai,0.2,74,27,0.21606099999917205,0.0020284999991417862,0.21808949999831384
Mumbai,0.2,75,28,2.3151014000031864,0.0021197999958531,2.3172211999990395
Mumbai,0.2,76,29,0.23921519999566954,0.002156399998057168,0.2413715999937267
Mumbai,0.2,77,26,0.20048519999545533,0.0025282999995397404,0.20301349999499507
Mumbai,0.2,78,27,0.6072836000021198,0.0021217000030446798,0.6094053000051645
Mumbai,0.2,79,28,1.0956072000044514,0.0021094000039738603,1.0977166000084253
Mumbai,0.2,80,27,2.4209851999985403,0.002111299996613525,2.423096499995154
Mumbai,0.2,81,26,0.18291369999496965,0.00200829999812413,0.18492199999309378
Mumbai,0.2,82,28,2.2360817000007955,0.0024678999980096705,2.238549599998805
Mumbai,0.2,83,28,0.8474090000017895,0.0021898999984841794,0.8495989000002737
Mumbai,0.2,84,27,3.9519999000040116,0.0021869999982300214,3.9541869000022416
Mumbai,0.2,85,27,0.804968700002064,0.0021268999989842996,0.8070956000010483
Mumbai,0.2,86,27,0.7321695999999065,0.0022554000024683774,0.7344250000023749
Mumbai,0.2,87,28,0.29928279999876395,0.0021874999947613105,0.30147029999352526
Mumbai,0.2,88,28,0.1872250999949756,0.0021334999983082525,0.18935859999328386
Mumbai,0.2,89,28,1.1859996000057436,0.0021561000030487776,1.1881557000087923
Mumbai,0.2,90,29,0.4346795000019483,0.0021312000026227906,0.4368107000045711
Mumbai,0.2,91,28,1.8073423999958322,0.00211239999771351,1.8094547999935457
Mumbai,0.2,92,26,0.06040070000017295,0.0018500000005587935,0.06225070000073174
Mumbai,0.2,93,26,1.1941112999993493,0.0020994999940739945,1.1962107999934233
Mumbai,0.2,94,28,0.40571859999909066,0.002130399996531196,0.40784899999562185
Mumbai,0.2,95,29,0.6265197999964585,0.002251900004921481,0.6287717000013799
Mumbai,0.2,96,28,1.4879287000003387,0.0022170000011101365,1.4901457000014489
Mumbai,0.2,97,27,0.05856189999758499,0.0021034999954281375,0.060665399993013125
Mumbai,0.2,98,25,0.05251319999661064,0.0021236999964457937,0.05463689999305643
Mumbai,0.2,99,28,0.4014815999980783,0.0021096999989822507,0.40359129999706056
Chennai,0.05,0,29,2.785539599994081,0.0021037999977124855,2.7876433999917936
Chennai,0.05,1,27,1.068924799998058,0.002138099996955134,1.0710628999950131
Chennai,0.05,2,27,1.0243866000018897,0.0021376999939093366,1.026524299995799
Chennai,0.05,3,27,0.04607180000311928,0.001896000001579523,0.0479678000046988
Chennai,0.05,4,27,0.8645590999949491,0.002108300002873875,0.8666673999978229
Chennai,0.05,5,28,4.265415499998198,0.0021532999962801114,4.2675687999944785
Chennai,0.05,6,29,1.3087318999969284,0.0021340000021154992,1.310865899999044
Chennai,0.05,7,26,0.05867690000013681,0.0022869000022183172,0.06096380000235513
Chennai,0.05,8,28,0.664936499997566,0.0024088999998639338,0.6673453999974299
Chennai,0.05,9,28,3.891004299999622,0.0021150000029592775,3.8931193000025814
Chennai,0.05,10,26,0.02850179999950342,0.0019030000039492734,0.030404800003452692
Chennai,0.05,11,26,0.2029474000009941,0.001995400001760572,0.20494280000275467
Chennai,0.05,12,29,2.036904600005073,0.0020939999958500266,2.038998600000923
Chennai,0.05,13,27,0.8157808000032674,0.00208089999796357,0.8178617000012309
Chennai,0.05,14,27,0.4785394999998971,0.0021007000032113865,0.4806402000031085
Chennai,0.05,15,27,0.5127124000064214,0.0021637000027112663,0.5148761000091326
Chennai,0.05,16,30,1.9202943000054802,0.0021766999998362735,1.9224710000053165
Chennai,0.05,17,27,1.47136540000065,0.00213649999932386,1.4735018999999738
Chennai,0.05,18,29,0.21573939999507274,0.001979699998628348,0.2177190999937011
Chennai,0.05,19,29,1.1202105000047595,0.0021961000020382926,1.1224066000067978
Chennai,0.05,20,29,0.7668791999967652,0.002136600000085309,0.7690157999968505
Chennai,0.05,21,29,0.5129356999968877,0.0021199999973759986,0.5150556999942637
Chennai,0.05,22,29,0.15097180000157095,0.0021488999991561286,0.15312070000072708
Chennai,0.05,23,30,3.7516924000010476,0.0021065000037197024,3.7537989000047673
Chennai,0.05,24,27,0.34230559999559773,0.002190100000007078,0.3444956999956048
Chennai,0.05,25,28,1.796288600002299,0.0020539999968605116,1.7983425999991596
Chennai,0.05,26,26,0.0868581999966409,0.002012600001762621,0.08887079999840353
Chennai,0.05,27,28,1.5025933999932022,0.00216500000533415,1.5047583999985363
Chennai,0.05,28,30,4.717189900002268,0.0021058999991510063,4.719295800001419
Chennai,0.05,29,27,0.42983900000399444,0.002152200002456084,0.4319912000064505
Chennai,0.05,30,29,3.414182799999253,0.0022294000009424053,3.4164122000001953
Chennai,0.05,31,30,4.360208500002045,0.002096600001095794,4.362305100003141
Chennai,0.05,32,29,1.7180972999994992,0.002083300001686439,1.7201806000011857
Chennai,0.05,33,26,0.640457300003618,0.002095199997711461,0.6425525000013295
Chennai,0.05,34,25,0.03418789999705041,0.0017903999978443608,0.03597829999489477
Chennai,0.05,35,29,1.2535825000013574,0.002180600000428967,1.2557631000017864
Chennai,0.05,36,28,5.980798700002197,0.0021953999967081472,5.982994099998905
Chennai,0.05,37,29,0.8823770000017248,0.0021197000023676082,0.8844967000040924
Chennai,0.05,38,29,1.9557204000011552,0.002095800002280157,1.9578162000034354
Chennai,0.05,39,30,0.4358005000030971,0.0021323999972082675,0.4379329000003054
Chennai,0.05,40,27,0.6266374999977415,0.0020882000026176684,0.6287257000003592
Chennai,0.05,41,29,1.630373399995733,0.002066900000500027,1.632440299996233
Chennai,0.05,42,27,0.7290626999965752,0.0020873999965260737,0.7311500999931013
Chennai,0.05,43,27,0.20430879999912577,0.0021274000027915463,0.2064362000019173
Chennai,0.05,44,29,1.6534441000039806,0.002120400000421796,1.6555645000044024
Chennai,0.05,45,27,0.0330723000006401,0.0018071000013151206,0.03487940000195522
Chennai,0.05,46,27,1.5823803000021144,0.002084100000502076,1.5844644000026165
Chennai,0.05,47,29,3.044650800002273,0.002103200000419747,3.046754000002693
Chennai,0.05,48,28,0.43127110000204993,0.002122199999575969,0.4333933000016259
Chennai,0.05,49,30,1.8646862000023248,0.002118699994753115,1.8668048999970779
Chennai,0.05,50,30,2.2921275999979116,0.0022731999997631647,2.2944007999976748
Chennai,0.05,51,26,0.30863590000080876,0.0023967999950400554,0.3110326999958488
Chennai,0.05,52,28,1.8928935999938403,0.00560830000176793,1.8985018999956083
Chennai,0.05,53,28,3.497776600001089,0.003770399998757057,3.501546999999846
Chennai,0.05,54,26,0.05662830000073882,0.0037511000045924447,0.06037940000533126
Chennai,0.05,55,29,4.663707899999281,0.003831500005617272,4.667539400004898
Chennai,0.05,56,29,4.040882000001147,0.004032000004372094,4.0449140000055195
Chennai,0.05,57,28,5.975204999995185,0.0037885999990976416,5.978993599994283
Chennai,0.05,58,28,0.24674499999673571,0.0036477000030572526,0.25039269999979297
Chennai,0.05,59,30,5.101932899997337,0.00425550000363728,5.106188400000974
Chennai,0.05,60,28,4.719488900002034,0.003781600004003849,4.723270500006038
Chennai,0.05,61,28,0.7962230999983149,0.003821300000709016,0.8000443999990239
Chennai,0.05,62,28,2.4266790999972727,0.004022799999802373,2.430701899997075
Chennai,0.05,63,26,0.14165679999860004,0.004681800004618708,0.14633860000321874
Chennai,0.05,64,27,6.9794288000048255,0.0044573999985004775,6.983886200003326
Chennai,0.05,65,28,0.2991748999993433,0.004444099999091122,0.30361899999843445
Chennai,0.05,66,28,3.6809990999972797,0.003807199995208066,3.6848062999924878
Chennai,0.05,67,27,5.694598300004145,0.0044352000040817074,5.699033500008227
Chennai,0.05,68,27,0.1410780000005616,0.004458399998839013,0.1455363999994006
Chennai,0.05,69,30,3.852536799997324,0.003790900002059061,3.856327699999383
Chennai,0.05,70,29,3.3450842000020202,0.004524600000877399,3.3496088000028976
Chennai,0.05,71,28,5.3955604000002495,0.003963900002418086,5.399524300002668
Chennai,0.05,72,27,1.077643500000704,0.0038200999988475814,1.0814635999995517
Chennai,0.05,73,27,0.27484829999593785,0.0038566000002902,0.27870489999622805
Chennai,0.05,74,27,1.2990151999983937,0.005124999996041879,1.3041401999944355
Chennai,0.05,75,27,1.8752276000013808,0.003779999999096617,1.8790076000004774
Chennai,0.05,76,29,0.8726786000042921,0.003948800003854558,0.8766274000081467
Chennai,0.05,77,27,0.3708100000003469,0.004367299996374641,0.37517729999672156
Chennai,0.05,78,29,2.149366600002395,0.005276199997751974,2.154642800000147
Chennai,0.05,79,30,3.5139176000011503,0.005633499997202307,3.5195510999983526
Chennai,0.05,80,30,6.514488000000711,0.004052400006912649,6.518540400007623
Chennai,0.05,81,28,1.1379775999957928,0.004093499999726191,1.142071099995519
Chennai,0.05,82,26,0.4872161999956006,0.0038356999939423986,0.491051899989543
Chennai,0.05,83,29,0.788836399995489,0.003806499997153878,0.7926428999926429
Chennai,0.05,84,26,0.07484560000011697,0.003504899999825284,0.07835049999994226
Chennai,0.05,85,29,0.480588300000818,0.0038128000014694408,0.4844011000022874
Chennai,0.05,86,28,0.8837543999979971,0.0037941999980830587,0.8875485999960802
Chennai,0.05,87,27,4.401069200001075,0.003789300004427787,4.404858500005503
Chennai,0.05,88,26,0.4889413999990211,0.003974700004619081,0.49291610000364017
Chennai,0.05,89,28,0.07446640000125626,0.003837199998088181,0.07830359999934444
Chennai,0.05,90,28,0.9074864999929559,0.0038443000012193806,0.9113307999941753
Chennai,0.05,91,28,2.4639586999983294,0.0038329000017256476,2.467791600000055
Chennai,0.05,92,25,0.06657010000344599,0.003715600003488362,0.07028570000693435
Chennai,0.05,93,28,3.1928511999940383,0.0038149999963934533,3.196666199990432
Chennai,0.05,94,28,0.3636112000021967,0.00406959999963874,0.36768080000183545
Chennai,0.05,95,29,1.2933900999996695,0.004295099999580998,1.2976851999992505
Chennai,0.05,96,29,1.1179020999989007,0.0043664999975590035,1.1222685999964597
Chennai,0.05,97,29,1.4820722000004025,0.00403290000394918,1.4861051000043517
Chennai,0.05,98,28,0.7447555999970064,0.00561300000117626,0.7503685999981826
Chennai,0.05,99,28,1.3667032000012114,0.0038098000004538335,1.3705130000016652
Chennai,0.1,0,29,4.713699100000667,0.004012299999885727,4.717711400000553
Chennai,0.1,1,28,1.8098189999946044,0.0038780999966547824,1.8136970999912592
Chennai,0.1,2,27,1.730678200001421,0.0038084999978309497,1.7344866999992519
Chennai,0.1,3,27,0.07266740000341088,0.0038997000010567717,0.07656710000446765
Chennai,0.1,4,27,1.4464074000061373,0.0038602000058745034,1.4502676000120118
Chennai,0.1,5,28,7.244174699997529,0.0038216999964788556,7.247996399994008
Chennai,0.1,6,29,2.3105033000028925,0.003842799997073598,2.314346099999966
Chennai,0.1,7,27,0.09202169999480247,0.003537500000675209,0.09555919999547768
Chennai,0.1,8,28,1.0877968999993755,0.004310500000428874,1.0921073999998043
Chennai,0.1,9,28,6.768418600004225,0.004517500005022157,6.772936100009247
Chennai,0.1,10,26,0.046687400004884694,0.003831699999864213,0.05051910000474891
Chennai,0.1,11,26,0.3298343999995268,0.005618399998638779,0.3354527999981656
Chennai,0.1,12,29,3.3618647000039346,0.0038156000009621494,3.3656803000048967
Chennai,0.1,13,27,1.3995902000024216,0.0038018999985069968,1.4033921000009286
Chennai,0.1,14,27,0.7879225999931805,0.004269400000339374,0.7921919999935199
Chennai,0.1,15,27,0.8753244999970775,0.003925699995306786,0.8792501999923843
Chennai,0.1,16,30,3.203441900004691,0.00379810000595171,3.2072400000106427
Chennai,0.1,17,27,2.4111989999946672,0.004382300001452677,2.41558129999612
Chennai,0.1,18,29,0.3729403000033926,0.003894099994795397,0.376834399998188
Chennai,0.1,19,29,1.7972847999990336,0.003795200005697552,1.8010800000047311
Chennai,0.1,20,29,1.2602838999955566,0.0038439999989350326,1.2641278999944916
Chennai,0.1,21,30,0.8252508000005037,0.0038412000067182817,0.8290920000072219
Chennai,0.1,22,28,0.2403199999971548,0.003860600001644343,0.24418059999879915
Chennai,0.1,23,30,6.140184199997748,0.004250999998475891,6.144435199996224
Chennai,0.1,24,27,0.552676799998153,0.0038490000006277114,0.5565257999987807
Chennai,0.1,25,28,2.990329100000963,0.0038254000028246082,2.9941545000037877
Chennai,0.1,26,26,0.14697430000524037,0.0042755999966175295,0.1512499000018579
Chennai,0.1,27,28,2.4612403999999515,0.00391700000182027,2.4651574000017717
Chennai,0.1,28,30,7.713068699995347,0.004019300002255477,7.717087999997602
Chennai,0.1,29,27,0.7367121999996016,0.0037708000018028542,0.7404830000014044
Chennai,0.1,30,29,5.591363500003354,0.004305300004489254,5.595668800007843
Chennai,0.1,31,30,7.158169200003613,0.0038057999990996905,7.1619750000027125
Chennai,0.1,32,29,2.7961660000000848,0.006028399999195244,2.80219439999928
Chennai,0.1,33,26,1.13378940000257,0.0038233000013860874,1.137612700003956
Chennai,0.1,34,25,0.056464799999957904,0.0035814999937429093,0.060046299993700814
Chennai,0.1,35,29,2.25117969999701,0.003783899999689311,2.2549635999966995
Chennai,0.1,36,28,10.445008700000471,0.00380810000206111,10.448816800002533
Chennai,0.1,37,29,1.555938999998034,0.003939499998523388,1.5598784999965574
Chennai,0.1,38,29,3.3156002999967313,0.0038165000005392358,3.3194167999972706
Chennai,0.1,39,30,0.7230884000018705,0.00411520000488963,0.7272036000067601
Chennai,0.1,40,27,1.004359899998235,0.003967799995734822,1.0083276999939699
Chennai,0.1,41,30,2.667543099996692,0.0038229999991017394,2.6713660999957938
Chennai,0.1,42,27,1.1924755000000005,0.004240499998559244,1.1967159999985597
Chennai,0.1,43,27,0.334083500005363,0.003863199999614153,0.3379467000049772
Chennai,0.1,44,29,2.724111700001231,0.0038171999985934235,2.7279288999998244
Chennai,0.1,45,27,0.05254649999551475,0.003805099993769545,0.056351599989284296
Chennai,0.1,46,27,2.6374417999977595,0.0038194999942788854,2.6412612999920384
Chennai,0.1,47,29,4.993867000004684,0.0038085000051069073,4.997675500009791
Chennai,0.1,48,28,0.7009126999982982,0.003810000001976732,0.7047227000002749
Chennai,0.1,49,30,3.0709335999999894,0.00398249999852851,3.074916099998518
Chennai,0.1,50,28,3.850192599995353,0.0038977000003797,3.8540902999957325
Chennai,0.1,51,26,0.476938899999368,0.005212200005189516,0.4821511000045575
Chennai,0.1,52,28,2.650408299996343,0.003818400000454858,2.654226699996798
Chennai,0.1,53,28,3.4856599000049755,0.003931899998860899,3.4895918000038364
Chennai,0.1,54,26,0.056314499997824896,0.0036050000053364784,0.059919500003161374
Chennai,0.1,55,29,4.58463479999773,0.003804100000706967,4.588438899998437
Chennai,0.1,56,29,3.9791050999992876,0.004349499999079853,3.9834545999983675
Chennai,0.1,57,27,5.964198800000304,0.0037980000051902607,5.967996800005494
Chennai,0.1,58,27,0.253758699996979,0.0038274000035016797,0.25758610000048066
Chennai,0.1,59,30,5.21349619999819,0.00400140000419924,5.217497600002389
Chennai,0.1,60,28,4.771054300006654,0.0037936000007903203,4.774847900007444
Chennai,0.1,61,28,0.8054086999982246,0.0038293999969027936,0.8092380999951274
Chennai,0.1,62,28,2.3866009000048507,0.0038156000009621494,2.390416500005813
Chennai,0.1,63,26,0.1571955000035814,0.0039076999964891,0.1611032000000705
Chennai,0.1,64,27,7.122436199999356,0.004156099996180274,7.1265922999955365
Chennai,0.1,65,28,0.29329510000388836,0.0038347000008798204,0.2971298000047682
Chennai,0.1,66,28,3.7181157000013627,0.004028900002595037,3.7221446000039577
Chennai,0.1,67,27,6.041686199998367,0.004676399999880232,6.046362599998247
Chennai,0.1,68,27,0.14884650000021793,0.003838299999188166,0.1526847999994061
Chennai,0.1,69,30,4.23881679999613,0.0038159000032464974,4.242632699999376
Chennai,0.1,70,29,3.469244500003697,0.0049292999974568374,3.4741738000011537
Chennai,0.1,71,28,5.556653500003449,0.0045731999998679385,5.561226700003317
Chennai,0.1,72,27,1.0760287000011886,0.0038372999988496304,1.0798660000000382
Chennai,0.1,73,28,0.2649620000011055,0.00440560000424739,0.26936760000535287
Chennai,0.1,74,27,1.3483829000033438,0.004632900003343821,1.3530158000066876
Chennai,0.1,75,27,1.851446599997871,0.004033399993204512,1.8554799999910756
Chennai,0.1,76,29,0.8865166999967187,0.0038325999994412996,0.89034929999616
Chennai,0.1,77,27,0.3687372999993386,0.003809200003161095,0.37254650000249967
Chennai,0.1,78,29,2.1842892999993637,0.004161699995165691,2.1884509999945294
Chennai,0.1,79,30,3.5582893999962835,0.004299699998227879,3.5625890999945113
Chennai,0.1,80,30,6.568720700000995,0.003804700005275663,6.5725254000062705
Chennai,0.1,81,28,1.1409337000004598,0.00388810000004014,1.1448218000005
Chennai,0.1,82,26,0.4747974999991129,0.0038343999985954724,0.4786318999977084
Chennai,0.1,83,29,0.7986720000044443,0.004769500003021676,0.803441500007466
Chennai,0.1,84,26,0.08034390000102576,0.0038454000023193657,0.08418930000334512
Chennai,0.1,85,29,0.48800919999484904,0.00410109999938868,0.4921102999942377
Chennai,0.1,86,28,0.9005926999961957,0.003797800003667362,0.9043904999998631
Chennai,0.1,87,27,4.491220099997008,0.0037974999941070564,4.495017599991115
Chennai,0.1,88,26,0.49746869999944465,0.0038504999974975362,0.5013191999969422
Chennai,0.1,89,29,0.07100210000498919,0.004382899998745415,0.0753850000037346
Chennai,0.1,90,28,0.9009502000044449,0.003774099997826852,0.9047243000022718
Chennai,0.1,91,28,2.4180689999993774,0.0037709000025643036,2.4218399000019417
Chennai,0.1,92,25,0.06668039999931352,0.003736399994522799,0.07041679999383632
Chennai,0.1,93,28,3.257313800000702,0.003865799997583963,3.261179599998286
Chennai,0.1,94,28,0.36024149999866495,0.004205700002785306,0.36444720000145026
Chennai,0.1,95,29,1.2965898999973433,0.0037985000017215498,1.3003883999990649
Chennai,0.1,96,29,1.1361747999981162,0.003789800000959076,1.1399645999990753
Chennai,0.1,97,29,1.5065942999935942,0.003835200004687067,1.5104294999982812
Chennai,0.1,98,28,0.7372622000038973,0.0039594999980181456,0.7412217000019155
Chennai,0.1,99,28,1.367970500003139,0.00384180000401102,1.37181230000715
Chennai,0.15,0,29,4.494299099998898,0.0038970000023255125,4.498196100001223
Chennai,0.15,1,27,1.6799291999996058,0.003784499996982049,1.6837136999965878
Chennai,0.15,2,27,1.6447007000024314,0.0038179999974090606,1.6485186999998405
Chennai,0.15,3,27,0.0755531000031624,0.0037888000006205402,0.07934190000378294
Chennai,0.15,4,27,1.4184015999999247,0.0038373999996110797,1.4222389999995357
Chennai,0.15,5,30,6.975166800002626,0.003839700002572499,6.979006500005198
Chennai,0.15,6,29,2.076313099998515,0.004419299999426585,2.0807323999979417
Chennai,0.15,7,27,0.09999570000218228,0.0039304000019910745,0.10392610000417335
Chennai,0.15,8,28,1.052112199999101,0.0038098000004538335,1.0559219999995548
Chennai,0.15,9,28,6.38090160000138,0.0038548000011360273,6.384756400002516
Chennai,0.15,10,26,0.045136599997931626,0.0035796000011032447,0.04871619999903487
Chennai,0.15,11,26,0.335505999995803,0.0039630000028409995,0.339468999998644
Chennai,0.15,12,29,3.256860299996333,0.003943699994124472,3.2608039999904577
Chennai,0.15,13,27,1.3158808000007411,0.0038300000014714897,1.3197108000022126
Chennai,0.15,14,27,0.7644467999998596,0.0038211999999475665,0.7682679999998072
Chennai,0.15,15,27,0.8244170000034501,0.00392140000622021,0.8283384000096703
Chennai,0.15,16,30,3.1277372000040486,0.003819500001554843,3.1315567000056035
Chennai,0.15,17,27,2.366132100003597,0.0038230999998631887,2.36995520000346
Chennai,0.15,18,29,0.3528745000003255,0.0038375999938580208,0.3567120999941835
Chennai,0.15,19,29,1.8034886999957962,0.0038841000059619546,1.8073728000017582
Chennai,0.15,20,29,1.2402405999964685,0.0037971000056131743,1.2440377000020817
Chennai,0.15,21,30,0.8500855999955093,0.004153800000494812,0.8542393999960041
Chennai,0.15,22,28,0.2386493000012706,0.003741600005014334,0.24239090000628494
Chennai,0.15,23,30,6.108330200004275,0.0038216999964788556,6.112151900000754
Chennai,0.15,24,27,0.5453386000008322,0.003920000002835877,0.5492586000036681
Chennai,0.15,25,29,2.835748000004969,0.0041615999944042414,2.8399095999993733
Chennai,0.15,26,26,0.13857489999645622,0.003794100004597567,0.1423690000010538
Chennai,0.15,27,28,2.4595608999952674,0.0039329999999608845,2.4634938999952283
Chennai,0.15,28,30,7.648818800000299,0.0038437000039266422,7.652662500004226
Chennai,0.15,29,27,0.6944089000025997,0.003839099998003803,0.6982480000006035
Chennai,0.15,30,29,5.567405499998131,0.004565900002489798,5.571971400000621
Chennai,0.15,31,30,7.08353999999963,0.003842300000542309,7.087382300000172
Chennai,0.15,32,29,2.6748750999977347,0.003852999994705897,2.6787280999924405
Chennai,0.15,33,26,1.0251829000044381,0.003841999998257961,1.029024900002696
Chennai,0.15,34,25,0.054613699998299126,0.004882000001089182,0.05949569999938831
Chennai,0.15,35,30,2.0195034999997006,0.0043770999982370995,2.0238805999979377
Chennai,0.15,36,29,9.749469499998668,0.0037993999940226786,9.75326889999269
Chennai,0.15,37,29,1.447239899993292,0.0037720999971497804,1.4510119999904418
Chennai,0.15,38,29,3.1571527999985847,0.00443739999900572,3.1615901999975904
Chennai,0.15,39,29,0.6898847000047681,0.0038108000007923692,0.6936955000055605
Chennai,0.15,40,27,1.0316710000042804,0.0038306000060401857,1.0355016000103205
Chennai,0.15,41,29,2.6775127000000793,0.003865600003337022,2.6813783000034164
Chennai,0.15,42,27,1.1931871000051615,0.003922800002328586,1.19710990000749
Chennai,0.15,43,27,0.3411575999998604,0.004104300001927186,0.3452619000017876
Chennai,0.15,44,29,2.644495699998515,0.0045196999999461696,2.6490153999984614
Chennai,0.15,45,27,0.05986750000010943,0.0049112999986391515,0.06477879999874858
Chennai,0.15,46,27,2.69354839999869,0.0038874000019859523,2.697435800000676
Chennai,0.15,47,29,4.920788699993864,0.003920300005120225,4.924708999998984
Chennai,0.15,48,28,0.7038066000022809,0.0038111000030767173,0.7076177000053576
Chennai,0.15,49,30,2.9958540000006906,0.003882699995301664,2.9997366999959922
Chennai,0.15,50,30,3.7045414000021992,0.003826700005447492,3.7083681000076467
Chennai,0.15,51,26,0.47538490000442835,0.003878900002746377,0.4792638000071747
Chennai,0.15,52,28,2.5547527999951853,0.004082599996763747,2.558835399991949
Chennai,0.15,53,28,3.4832443999985117,0.0038038999991840683,3.4870482999976957
Chennai,0.15,54,26,0.05674699999508448,0.003926199999114033,0.06067319999419851
Chennai,0.15,55,29,4.578076599995256,0.0038402999998652376,4.581916899995122
Chennai,0.15,56,29,4.044956500001717,0.0039961000002222136,4.04895260000194
Chennai,0.15,57,28,5.8929363999995985,0.0037818999990122393,5.896718299998611
Chennai,0.15,58,28,0.2560802000007243,0.004527400000370108,0.2606076000010944
Chennai,0.15,59,30,5.125316199999361,0.004546500000287779,5.129862699999649
Chennai,0.15,60,28,4.76115690000006,0.004066599998623133,4.765223499998683
Chennai,0.15,61,28,0.7796003999974346,0.004282000001694541,0.7838823999991291
Chennai,0.15,62,28,2.406425000001036,0.0038589999967371114,2.410283999997773
Chennai,0.15,63,26,0.14107180000428343,0.004156900002271868,0.1452287000065553
Chennai,0.15,64,27,7.066769800003385,0.003959599998779595,7.070729400002165
Chennai,0.15,65,28,0.2866827999969246,0.004281999994418584,0.29096479999134317
Chennai,0.15,66,28,3.7161372999980813,0.006584999995538965,3.7227222999936203
Chennai,0.15,67,27,5.716139899996051,0.0038237000044318847,5.719963600000483
Chennai,0.15,68,27,0.13689360000716988,0.0037308000028133392,0.14062440000998322
Chennai,0.15,69,30,3.9010946999987937,0.0037958000029902905,3.904890500001784
Chennai,0.15,70,29,3.595491600004607,0.005282599995553028,3.60077420000016
Chennai,0.15,71,28,5.7058268999971915,0.0038483000025735237,5.709675199999765
Chennai,0.15,72,27,1.060018600001058,0.0038144999998621643,1.0638331000009202
Chennai,0.15,73,28,0.26898789999540895,0.0037891000029048882,0.27277699999831384
Chennai,0.15,74,27,1.2940737000026274,0.004549599994788878,1.2986232999974163
Chennai,0.15,75,27,1.8790726000006543,0.0038081999955466017,1.882880799996201
Chennai,0.15,76,29,0.8788434000016423,0.003895800000464078,0.8827392000021064
Chennai,0.15,77,27,0.3645103000017116,0.0037783000007038936,0.3682886000024155
Chennai,0.15,78,29,2.1935127999968245,0.004389100002299529,2.197901899999124
Chennai,0.15,79,30,3.585066100000404,0.004903799999738112,3.589969900000142
Chennai,0.15,80,30,6.472060599997349,0.003950400001485832,6.4760109999988344
Chennai,0.15,81,29,1.1371537999948487,0.0038830000048619695,1.1410367999997106
Chennai,0.15,82,26,0.48842660000082105,0.0038308000002871267,0.4922574000011082
Chennai,0.15,83,29,0.785209699999541,0.00382069999614032,0.7890303999956814
Chennai,0.15,84,26,0.07813449999957811,0.0040312999990419485,0.08216579999862006
Chennai,0.15,85,29,0.4861063999996986,0.003948800003854558,0.4900552000035532
Chennai,0.15,86,28,0.8953580999950645,0.0038115999996080063,0.8991696999946726
Chennai,0.15,87,27,4.387644700000237,0.0037985999952070415,4.391443299995444
Chennai,0.15,88,26,0.4900290000005043,0.0038383999999496154,0.4938674000004539
Chennai,0.15,89,29,0.07604410000203643,0.003671899998153094,0.07971600000018952
Chennai,0.15,90,28,0.9032561000058195,0.004840300003706943,0.9080964000095264
Chennai,0.15,91,28,2.463600099996256,0.0043007999993278645,2.467900899995584
Chennai,0.15,92,25,0.06677520000084769,0.0038596000013058074,0.0706348000021535
Chennai,0.15,93,28,3.1958598000055645,0.003821300000709016,3.1996811000062735
Chennai,0.15,94,28,0.3594087000019499,0.0038524999981746078,0.3632612000001245
Chennai,0.15,95,29,1.2837013000025763,0.003912000000127591,1.287613300002704
Chennai,0.15,96,29,1.1285093000042252,0.0038838000036776066,1.1323931000079028
Chennai,0.15,97,29,1.4975603999992018,0.0037933999992674217,1.5013537999984692
Chennai,0.15,98,28,0.7292692999981227,0.004461999997147359,0.7337312999952701
Chennai,0.15,99,28,1.3318010000002687,0.003807600005529821,1.3356086000057985
Chennai,0.2,0,29,4.5143422999972245,0.003832300004432909,4.518174600001657
Chennai,0.2,1,27,1.7463386000017636,0.004579899999953341,1.750918500001717
Chennai,0.2,2,27,1.6798875000022235,0.005005200000596233,1.6848927000028198
Chennai,0.2,3,27,0.07462450000457466,0.004205500001262408,0.07883000000583706
Chennai,0.2,4,27,1.4064797000028193,0.0038197000030777417,1.410299400005897
Chennai,0.2,5,28,6.988849400004256,0.004534599996986799,6.993384000001242
Chennai,0.2,6,29,2.137819399998989,0.00715689999924507,2.144976299998234
Chennai,0.2,7,27,0.09139159999904223,0.003972799997427501,0.09536439999646973
Chennai,0.2,8,28,1.08694110000215,0.016473000003315974,1.103414100005466
Chennai,0.2,9,28,6.423684200002754,0.003894899993611034,6.427579099996365
Chennai,0.2,10,26,0.04515420000097947,0.0035502000027918257,0.0487044000037713
Chennai,0.2,11,26,0.32731900000362657,0.0039198000013129786,0.33123880000493955
Chennai,0.2,12,29,3.321124599999166,0.0049265000052400865,3.326051100004406
Chennai,0.2,13,27,1.3404301000045962,0.004263100003299769,1.344693200007896
Chennai,0.2,14,27,0.7880962999988697,0.003823999999440275,0.7919202999983099
Chennai,0.2,15,27,0.8326152999943588,0.0038266999981715344,0.8364419999925303
Chennai,0.2,16,30,3.1039193000033265,0.003949400001147296,3.107868700004474
Chennai,0.2,17,27,2.357713400000648,0.003953999999794178,2.3616674000004423
Chennai,0.2,18,29,0.3487745000020368,0.0038109000015538186,0.3525854000035906
Chennai,0.2,19,30,1.7473382000025595,0.003931499995815102,1.7512696999983746
Chennai,0.2,20,29,1.2581857000041055,0.005377400004363153,1.2635631000084686
Chennai,0.2,21,30,0.8274625999983982,0.0038104999985080212,0.8312730999969062
Chennai,0.2,22,28,0.24360280000109924,0.0038342000043485314,0.24743700000544777
Chennai,0.2,23,30,6.071028699996532,0.003878800001984928,6.074907499998517
Chennai,0.2,24,27,0.570662899997842,0.0038382000057026744,0.5745011000035447
Chennai,0.2,25,28,2.9106908999965526,0.003824699997494463,2.914515599994047
Chennai,0.2,26,26,0.14096299999800976,0.0034879000013461336,0.1444508999993559
Chennai,0.2,27,28,2.446197499994014,0.004001100001914892,2.450198599995929
Chennai,0.2,28,29,7.684491899999557,0.004228099998726975,7.688719999998284
Chennai,0.2,29,27,0.6885203999991063,0.004297699997550808,0.6928180999966571
Chennai,0.2,30,29,5.581210299998929,0.004044200002681464,5.585254500001611
Chennai,0.2,31,30,7.06423409999843,0.003824499995971564,7.0680585999944014
Chennai,0.2,32,29,2.709744600004342,0.005012499997974373,2.7147571000023163
Chennai,0.2,33,26,1.0649608000021544,0.0038271999947028235,1.0687879999968573
Chennai,0.2,34,25,0.055801400005293544,0.0037434999976539984,0.05954490000294754
Chennai,0.2,35,30,2.044925800000783,0.0038117000003694557,2.0487375000011525
Chennai,0.2,36,28,9.655058399999689,0.0039341000010608695,9.65899250000075
Chennai,0.2,37,29,1.4289522000035504,0.0038178999966476113,1.432770100000198
Chennai,0.2,38,29,3.086551000000327,0.003920899995137006,3.090471899995464
Chennai,0.2,39,30,0.6995360000000801,0.00381770000240067,0.7033537000024808
Chennai,0.2,40,27,1.0072587999966345,0.0038127000007079914,1.0110714999973425
Chennai,0.2,41,30,2.6556962999966345,0.003804400002991315,2.659500699999626
Chennai,0.2,42,27,1.157712199994421,0.0038798000023234636,1.1615919999967446
Chennai,0.2,43,27,0.32468510000035167,0.0038277999992715195,0.3285128999996232
Chennai,0.2,44,29,3.043491999997059,0.004440700002305675,3.0479326999993646
Chennai,0.2,45,27,0.05415300000458956,0.0038684000028297305,0.05802140000741929
Chennai,0.2,46,27,2.68929449999996,0.003860199998598546,2.6931546999985585
Chennai,0.2,47,29,4.877967599997646,0.0038109000015538186,4.8817784999992
Chennai,0.2,48,28,0.6931824999992386,0.004377299999759998,0.6975597999989986
Chennai,0.2,49,30,2.960037699995155,0.0038192000065464526,2.9638569000017014
Chennai,0.2,50,30,3.7352421000032336,0.003951999999117106,3.7391941000023508
Chennai,0.2,51,26,0.469222699997772,0.005261899998004083,0.4744845999957761
Chennai,0.2,52,28,2.5847919000007096,0.0038531000027433038,2.588645000003453
Chennai,0.2,53,28,3.462899899997865,0.003836700001556892,3.4667365999994217
Chennai,0.2,54,26,0.057223800002248026,0.003788699999859091,0.06101250000210712
Chennai,0.2,55,30,4.616775399998005,0.0042381999955978245,4.621013599993603
Chennai,0.2,56,29,3.93366899999819,0.0037336999957915395,3.9374026999939815
Chennai,0.2,57,27,5.842140900000231,0.003802699997322634,5.845943599997554
Chennai,0.2,58,28,0.2527554999978747,0.004351800002041273,0.257107299999916
Chennai,0.2,59,30,5.10529129999486,0.0038256999978329986,5.109116999992693
Chennai,0.2,60,28,4.715061100003368,0.003800099999352824,4.718861200002721
Chennai,0.2,61,28,0.7964788000026601,0.00392219999775989,0.80040100000042
Chennai,0.2,62,28,2.4428654000003007,0.0037888000006205402,2.4466542000009213
Chennai,0.2,63,26,0.14306109999597538,0.003850000000966247,0.14691109999694163
Chennai,0.2,64,27,6.954251300005126,0.0038006000031600706,6.958051900008286
Chennai,0.2,65,28,0.27873320000071544,0.0038324999986798503,0.2825656999993953
Chennai,0.2,66,28,3.6697873000011896,0.004189500003121793,3.6739768000043114
Chennai,0.2,67,27,5.59469839999656,0.003809900001215283,5.598508299997775
Chennai,0.2,68,27,0.14416760000312934,0.0037402000016300008,0.14790780000475934
Chennai,0.2,69,30,3.8964036000033957,0.003814700001385063,3.9002183000047808
Chennai,0.2,70,29,3.316604699997697,0.003906900004949421,3.3205116000026464
Chennai,0.2,71,28,5.253726700000698,0.003903999997419305,5.257630699998117
Chennai,0.2,72,27,1.0509194999976899,0.004120199999306351,1.0550396999969962
Chennai,0.2,73,27,0.26687610000226414,0.003864100006467197,0.27074020000873134
Chennai,0.2,74,27,1.3295613000009325,0.0038457999980892055,1.3334070999990217
Chennai,0.2,75,27,1.8542136999967624,0.004412700000102632,1.858626399996865
Chennai,0.2,76,29,0.8596113000021433,0.0037943999996059574,0.8634057000017492
Chennai,0.2,77,27,0.36321509999834234,0.0038211999999475665,0.3670362999982899
Chennai,0.2,78,29,2.1711343999995734,0.003845899998850655,2.174980299998424
Chennai,0.2,79,30,3.4299623999977484,0.0038501000017276965,3.433812499999476
Chennai,0.2,80,30,6.427162200001476,0.003901799995219335,6.431063999996695
Chennai,0.2,81,29,1.1264999999984866,0.0038277999992715195,1.1303277999977581
Chennai,0.2,82,26,0.4872176999997464,0.003845200000796467,0.49106290000054287
Chennai,0.2,83,29,0.7843357000019751,0.0038108000007923692,0.7881465000027674
Chennai,0.2,84,26,0.07617770000069868,0.0038802999988547526,0.08005799999955343
Chennai,0.2,85,29,0.47884470000281,0.003802300001552794,0.4826470000043628
Chennai,0.2,86,28,0.8761770999990404,0.004379900005005766,0.8805570000040461
Chennai,0.2,87,27,4.358062899998913,0.003762699998333119,4.361825599997246
Chennai,0.2,88,27,0.4902622000008705,0.003777700003411155,0.49403990000428166
Chennai,0.2,89,29,0.07296479999786243,0.003875299997162074,0.0768400999950245
Chennai,0.2,90,28,0.9410379999972065,0.0038108000007923692,0.9448487999979989
Chennai,0.2,91,28,2.5934151000037673,0.005200899999181274,2.5986160000029486
Chennai,0.2,92,25,0.07163969999965047,0.004075599994393997,0.07571529999404447
Chennai,0.2,93,28,3.2184617000020808,0.0037866999991820194,3.222248400001263
Chennai,0.2,94,27,0.36993799999618204,0.00386399999842979,0.37380199999461183
Chennai,0.2,95,29,1.3677575000037905,0.0039898999966681,1.3717474000004586
Chennai,0.2,96,29,1.149345900004846,0.003837500000372529,1.1531834000052186
Chennai,0.2,97,29,1.5293865999992704,0.00391180000588065,1.533298400005151
Chennai,0.2,98,28,0.7211163999963901,0.004857200001424644,0.7259735999978147
Chennai,0.2,99,28,1.3777693000010913,0.0038006999966455624,1.3815699999977369
